universe,family,signal,own_horizon,fwd_horizon,method,region,n_periods,mean_ic,std_ic,analytic_p,bh_significant
realistic,momentum,momentum,1H,1H,spearman,design,113,-0.027327004392814415,0.22442530495858393,0.19553663362577367,False
realistic,momentum,momentum,1H,1H,pearson,design,113,-0.023091447447521844,0.20631517445767797,0.23414090413214128,False
realistic,momentum,momentum,1H,4H,spearman,design,113,0.014128925906645846,0.23431147212316858,0.5215257637743728,False
realistic,momentum,momentum,1H,12H,spearman,design,113,0.031677351890919386,0.2490496964023866,0.1763500378951275,False
realistic,momentum,momentum,1H,1D,spearman,design,113,0.012229787117455272,0.21558896754993004,0.5464955043548578,False
realistic,momentum,momentum,1H,3D,spearman,design,113,0.0025350009589303855,0.23263285289643829,0.907781937188626,False
realistic,momentum,momentum,1H,7D,spearman,design,113,-0.003214014995844635,0.23707455526471108,0.8854114969446881,False
realistic,momentum,momentum,1H,14D,spearman,design,113,-0.023094240024840864,0.22409098230176938,0.2732908697025739,False
realistic,momentum,momentum,1H,30D,spearman,design,113,-0.01354238015653397,0.25440143714476937,0.5714839351310632,False
realistic,momentum,momentum,1H,1H,spearman,validation,83,-0.021197572243862668,0.2432401209421692,0.4272279387854093,False
realistic,momentum,momentum,1H,1H,pearson,validation,83,-0.017005100102134865,0.2394613738104551,0.517652684186662,False
realistic,momentum,momentum,1H,4H,spearman,validation,83,-0.012830268442189815,0.22313053114500966,0.6003754551907492,False
realistic,momentum,momentum,1H,12H,spearman,validation,83,0.027354530905577195,0.21478966765381924,0.24594338731016296,False
realistic,momentum,momentum,1H,1D,spearman,validation,83,0.05350424253404595,0.2513358152060983,0.052449664769405616,False
realistic,momentum,momentum,1H,3D,spearman,validation,83,0.0610955098589848,0.26179552784676535,0.033493944127795654,False
realistic,momentum,momentum,1H,7D,spearman,validation,83,0.05814838300570704,0.2703578989206674,0.050058294009378994,False
realistic,momentum,momentum,1H,14D,spearman,validation,83,0.00648911435214542,0.2175379404351986,0.7858046736802596,False
realistic,momentum,momentum,1H,30D,spearman,validation,83,-0.005827822568469367,0.2163728338559389,0.8061606946490142,False
realistic,momentum,momentum,4H,1H,spearman,design,113,-0.0441957313899011,0.2402648265685316,0.05053920084765312,False
realistic,momentum,momentum,4H,4H,spearman,design,113,-0.010097080285304618,0.23469765295528391,0.6474364477531919,False
realistic,momentum,momentum,4H,4H,pearson,design,113,-0.0014631833334958662,0.2240440447346602,0.9446527708535166,False
realistic,momentum,momentum,4H,12H,spearman,design,113,0.017378786633423744,0.24717209781464752,0.4548157732047162,False
realistic,momentum,momentum,4H,1D,spearman,design,113,-0.0007495639149931001,0.2302339139962354,0.9723921891901258,False
realistic,momentum,momentum,4H,3D,spearman,design,113,-0.01272957249970319,0.21669400899164368,0.5323241048463784,False
realistic,momentum,momentum,4H,7D,spearman,design,113,-0.002940948153830696,0.23877603170206108,0.8958314713182306,False
realistic,momentum,momentum,4H,14D,spearman,design,113,-0.02253532060239092,0.26077142050792856,0.35828653862591286,False
realistic,momentum,momentum,4H,30D,spearman,design,113,-0.016085372201978126,0.2816919343857503,0.5438442030424682,False
realistic,momentum,momentum,4H,1H,spearman,validation,83,0.022553371380257873,0.242247476278279,0.3963342226171205,False
realistic,momentum,momentum,4H,4H,spearman,validation,83,0.025657517287193888,0.2467398443159313,0.3434560928499507,False
realistic,momentum,momentum,4H,4H,pearson,validation,83,0.02499752737815414,0.24411591752407827,0.35086615912213914,False
realistic,momentum,momentum,4H,12H,spearman,validation,83,0.04202071443669414,0.23617167805136757,0.10502432447042917,False
realistic,momentum,momentum,4H,1D,spearman,validation,83,0.030600597880242778,0.22797719631288452,0.2213817168174671,False
realistic,momentum,momentum,4H,3D,spearman,validation,83,0.03125283087236162,0.2474889476546703,0.24995328720178323,False
realistic,momentum,momentum,4H,7D,spearman,validation,83,0.01869734577407374,0.24718063823888195,0.49073806783354434,False
realistic,momentum,momentum,4H,14D,spearman,validation,83,-0.02367062233897998,0.23873495719997517,0.3663659280991035,False
realistic,momentum,momentum,4H,30D,spearman,validation,83,0.01799679922698312,0.236008562343964,0.48723404370082934,False
realistic,momentum,momentum,12H,1H,spearman,design,113,-0.02111016740184663,0.24033667723389193,0.35045479614408825,False
realistic,momentum,momentum,12H,4H,spearman,design,113,0.011163776176516253,0.2586051147279507,0.6463096404360786,False
realistic,momentum,momentum,12H,12H,spearman,design,113,0.01903134332447465,0.2455089187418872,0.4099242704624043,False
realistic,momentum,momentum,12H,12H,pearson,design,113,0.018968854415990093,0.25722091483043763,0.4330846152529335,False
realistic,momentum,momentum,12H,1D,spearman,design,113,0.01172771856763199,0.2486725460840731,0.6161379023524953,False
realistic,momentum,momentum,12H,3D,spearman,design,113,-0.0017103208307076893,0.21151058319848678,0.9315000561569116,False
realistic,momentum,momentum,12H,7D,spearman,design,113,0.003498725992492941,0.2301546340824462,0.8716243523299466,False
realistic,momentum,momentum,12H,14D,spearman,design,113,-0.005023653616080807,0.2460402289019596,0.8281721071136262,False
realistic,momentum,momentum,12H,30D,spearman,design,113,-0.04476081536480452,0.2583433925005344,0.06550603357876457,False
realistic,momentum,momentum,12H,1H,spearman,validation,83,-0.009668750188724824,0.2343053130158984,0.7069558956806388,False
realistic,momentum,momentum,12H,4H,spearman,validation,83,-0.018452758402029167,0.2329447217672683,0.4704883821956479,False
realistic,momentum,momentum,12H,12H,spearman,validation,83,0.04781834103330616,0.23719181465426364,0.06625692670476716,False
realistic,momentum,momentum,12H,12H,pearson,validation,83,0.04341884815067165,0.2493960098342497,0.11271888141665791,False
realistic,momentum,momentum,12H,1D,spearman,validation,83,0.045248663828245314,0.22679028738115817,0.06911118387507016,False
realistic,momentum,momentum,12H,3D,spearman,validation,83,0.02038832019808558,0.2461799016836878,0.4505400212611993,False
realistic,momentum,momentum,12H,7D,spearman,validation,83,0.016562490563758792,0.21646531934832053,0.4857590164530694,False
realistic,momentum,momentum,12H,14D,spearman,validation,83,0.014110577648941627,0.2255100448992056,0.5686393369887159,False
realistic,momentum,momentum,12H,30D,spearman,validation,83,0.02292780143128906,0.2231320035918695,0.3492024528115091,False
realistic,momentum,momentum,1D,1H,spearman,design,113,-0.02719960364210891,0.2508626358008088,0.24908855210898972,False
realistic,momentum,momentum,1D,4H,spearman,design,113,-0.007863457446322731,0.2690657837070814,0.7560542406212951,False
realistic,momentum,momentum,1D,12H,spearman,design,113,0.030885092742266914,0.24402148334636647,0.17848745094579288,False
realistic,momentum,momentum,1D,1D,spearman,design,113,0.02267596372503356,0.25285149971073434,0.34042714151460607,False
realistic,momentum,momentum,1D,1D,pearson,design,113,0.01887549146307571,0.25239624019790785,0.4266268336297899,False
realistic,momentum,momentum,1D,3D,spearman,design,113,0.012183438815675306,0.2323439996841344,0.5772447997167982,False
realistic,momentum,momentum,1D,7D,spearman,design,113,0.0017087226134049338,0.2387499787732645,0.9393558777394035,False
realistic,momentum,momentum,1D,14D,spearman,design,113,-0.014256554974108883,0.23656030622539648,0.5217586279444174,False
realistic,momentum,momentum,1D,30D,spearman,design,113,-0.025607550891805244,0.24780026033074184,0.27198020515391474,False
realistic,momentum,momentum,1D,1H,spearman,validation,83,-0.021466316393393123,0.2383819201037812,0.41199069155340906,False
realistic,momentum,momentum,1D,4H,spearman,validation,83,-0.04648971827158257,0.24672542523704902,0.08604292664494625,False
realistic,momentum,momentum,1D,12H,spearman,validation,83,0.0004861551469034058,0.24392335242566746,0.9855130570010829,False
realistic,momentum,momentum,1D,1D,spearman,validation,83,0.018072289156626516,0.21958540667855997,0.4533717341335637,False
realistic,momentum,momentum,1D,1D,pearson,validation,83,0.020619793607197467,0.2167513136357371,0.38611425260226284,False
realistic,momentum,momentum,1D,3D,spearman,validation,83,0.006869583597548084,0.2261646374918478,0.7819930539446039,False
realistic,momentum,momentum,1D,7D,spearman,validation,83,-0.006929975541262794,0.22632538986492978,0.780277722284006,False
realistic,momentum,momentum,1D,14D,spearman,validation,83,-0.04305039707702992,0.22593490666099952,0.08257574242113971,False
realistic,momentum,momentum,1D,30D,spearman,validation,83,0.015366730078207564,0.21943911337658537,0.5234872683995822,False
realistic,momentum,momentum,3D,1H,spearman,design,113,0.029861777034987266,0.2775945037808188,0.25282249093524856,False
realistic,momentum,momentum,3D,4H,spearman,design,113,0.021660182470752628,0.2663735786627291,0.387373188928249,False
realistic,momentum,momentum,3D,12H,spearman,design,113,0.005219321077289795,0.2422727609562363,0.8188635206294843,False
realistic,momentum,momentum,3D,1D,spearman,design,113,-0.0023162735052101907,0.2585624687741313,0.9241339197140253,False
realistic,momentum,momentum,3D,3D,spearman,design,113,-0.011687078184790457,0.24053012068038904,0.6055007744853249,False
realistic,momentum,momentum,3D,3D,pearson,design,113,-0.00990247146469725,0.24665617855008098,0.6695490499349188,False
realistic,momentum,momentum,3D,7D,spearman,design,113,-0.004982328282966659,0.2336864959652545,0.8207031246520583,False
realistic,momentum,momentum,3D,14D,spearman,design,113,-0.01844434094084769,0.2423866203586436,0.41857386407391495,False
realistic,momentum,momentum,3D,30D,spearman,design,113,-0.030225713946500813,0.24176477528173582,0.1838502076017734,False
realistic,momentum,momentum,3D,1H,spearman,validation,83,-0.02701029682640335,0.23924907688034225,0.3036992853124436,False
realistic,momentum,momentum,3D,4H,spearman,validation,83,-0.03771174925264969,0.23279600352916957,0.13998600446516818,False
realistic,momentum,momentum,3D,12H,spearman,validation,83,-0.0012863484011232885,0.24093194908465015,0.9612053267648657,False
realistic,momentum,momentum,3D,1D,spearman,validation,83,0.005480568892109791,0.219770019103976,0.8202731437063118,False
realistic,momentum,momentum,3D,3D,spearman,validation,83,-0.03524775794908959,0.1964599151028861,0.10214469432064728,False
realistic,momentum,momentum,3D,3D,pearson,validation,83,-0.03428917224986991,0.20993200613835294,0.13673782799012135,False
realistic,momentum,momentum,3D,7D,spearman,validation,83,-0.025950418214210222,0.23977404572671582,0.32412829850178015,False
realistic,momentum,momentum,3D,14D,spearman,validation,83,-0.06878642389105295,0.2137110166702568,0.0033641424874602853,False
realistic,momentum,momentum,3D,30D,spearman,validation,83,-0.0022163843343297996,0.21700845902008514,0.9258653579393439,False
realistic,momentum,momentum,7D,1H,spearman,design,113,0.01072175493392513,0.25139623439611797,0.6502871819902698,False
realistic,momentum,momentum,7D,4H,spearman,design,113,0.018695946007653175,0.23081689688192097,0.3892206627399958,False
realistic,momentum,momentum,7D,12H,spearman,design,113,0.00746983935632939,0.24279228736063352,0.7436292458858211,False
realistic,momentum,momentum,7D,1D,spearman,design,113,0.006911833200909611,0.26642229954337143,0.7827174697626087,False
realistic,momentum,momentum,7D,3D,spearman,design,113,0.011188434386330213,0.278731864633726,0.6695983672319892,False
realistic,momentum,momentum,7D,7D,spearman,design,113,-0.00610838653113784,0.24019931454955545,0.7869065194941784,False
realistic,momentum,momentum,7D,7D,pearson,design,113,-0.008992799335939819,0.2372010183342118,0.6869396714361193,False
realistic,momentum,momentum,7D,14D,spearman,design,113,-0.01902928847365681,0.21347661531559486,0.34334822621392347,False
realistic,momentum,momentum,7D,30D,spearman,design,113,-0.020291423509319895,0.23416007756631652,0.35696267708694174,False
realistic,momentum,momentum,7D,1H,spearman,validation,83,-0.0746233052510795,0.23967450684114608,0.00456026790812509,False
realistic,momentum,momentum,7D,4H,spearman,validation,83,-0.03439925113989794,0.2280523361326461,0.16937609994807934,False
realistic,momentum,momentum,7D,12H,spearman,validation,83,-0.03645861642056949,0.21608883913570162,0.12426468883534074,False
realistic,momentum,momentum,7D,1D,spearman,validation,83,-0.020170909200712624,0.22410350484227154,0.41221393341979395,False
realistic,momentum,momentum,7D,3D,spearman,validation,83,-0.04106954132318749,0.23628190015247416,0.11329893043637698,False
realistic,momentum,momentum,7D,7D,spearman,validation,83,-0.07576169339010176,0.2174091365418014,0.0014996036974184676,False
realistic,momentum,momentum,7D,7D,pearson,validation,83,-0.06863277701631695,0.24581591357315052,0.010969493032882215,False
realistic,momentum,momentum,7D,14D,spearman,validation,83,-0.08075610713530813,0.19142465385555918,0.00012133722895399309,True
realistic,momentum,momentum,7D,30D,spearman,validation,83,-0.011036627713862976,0.19969502710607684,0.6146056787956924,False
realistic,momentum,momentum,14D,1H,spearman,design,113,0.021820689151300945,0.2316556123256167,0.31668107773149834,False
realistic,momentum,momentum,14D,4H,spearman,design,113,0.00465058403426578,0.23503926652489676,0.8334082048795872,False
realistic,momentum,momentum,14D,12H,spearman,design,113,0.008378540051325606,0.23962944158186972,0.7101322623920228,False
realistic,momentum,momentum,14D,1D,spearman,design,113,0.00012192114852461223,0.2533929812868033,0.995919044551787,False
realistic,momentum,momentum,14D,3D,spearman,design,113,0.016035827465592675,0.2638460865913433,0.5182336719134328,False
realistic,momentum,momentum,14D,7D,spearman,design,113,-0.019211256929413584,0.20018625452163039,0.30766098667903774,False
realistic,momentum,momentum,14D,14D,spearman,design,113,-0.027294583413244197,0.2043984538264112,0.15575073645691304,False
realistic,momentum,momentum,14D,14D,pearson,design,113,-0.03289253916295093,0.20378202962802544,0.08619570635962048,False
realistic,momentum,momentum,14D,30D,spearman,design,113,-0.06308848644255094,0.1846910661418549,0.0002821679594016182,True
realistic,momentum,momentum,14D,1H,spearman,validation,83,-0.042186792281909594,0.22768874122541838,0.09141007070602283,False
realistic,momentum,momentum,14D,4H,spearman,validation,83,5.435274934323253e-05,0.24581225151861671,0.9983927005124553,False
realistic,momentum,momentum,14D,12H,spearman,validation,83,-0.029133073647975363,0.23860476971799005,0.2659824396860302,False
realistic,momentum,momentum,14D,1D,spearman,validation,83,-0.02275870398888788,0.2620971856922976,0.42889325878679596,False
realistic,momentum,momentum,14D,3D,spearman,validation,83,-0.08025787359966179,0.25895912255427134,0.004749501933746825,False
realistic,momentum,momentum,14D,7D,spearman,validation,83,-0.08637255790077603,0.2521983226654094,0.0018077148600912927,False
realistic,momentum,momentum,14D,14D,spearman,validation,83,0.014524262463387382,0.23246246945833424,0.5692067281787383,False
realistic,momentum,momentum,14D,14D,pearson,validation,83,-0.012477466352687589,0.22878202532739106,0.6192801009173812,False
realistic,momentum,momentum,14D,30D,spearman,validation,83,-0.02098620044086119,0.23858703952064264,0.4229250230555347,False
realistic,momentum,momentum,30D,1H,spearman,design,113,0.018303012867932456,0.23372850529960668,0.40516367697571365,False
realistic,momentum,momentum,30D,4H,spearman,design,113,0.006361361498488546,0.2660620931255668,0.7993723617251691,False
realistic,momentum,momentum,30D,12H,spearman,design,113,-0.005664538754486427,0.2387829814783112,0.8009065305634255,False
realistic,momentum,momentum,30D,1D,spearman,design,113,-0.010665132378056021,0.23771675683152121,0.6334189799384562,False
realistic,momentum,momentum,30D,3D,spearman,design,113,-0.030844908992940446,0.24594056357745536,0.18246895295631937,False
realistic,momentum,momentum,30D,7D,spearman,design,113,-0.028503748961158752,0.19801329358247688,0.12596839879168586,False
realistic,momentum,momentum,30D,14D,spearman,design,113,-0.03519137510616729,0.2064727536392404,0.07001552277920735,False
realistic,momentum,momentum,30D,30D,spearman,design,113,-0.027979762002611944,0.23712900438853007,0.20973598761083112,False
realistic,momentum,momentum,30D,30D,pearson,design,113,-0.013225460046753226,0.251644410310347,0.5763804849288847,False
realistic,momentum,momentum,30D,1H,spearman,validation,83,-0.024591599480629278,0.2292463984720259,0.3284257731187151,False
realistic,momentum,momentum,30D,4H,spearman,validation,83,-0.011552978832623729,0.2201961884576757,0.6326538633510269,False
realistic,momentum,momentum,30D,12H,spearman,validation,83,-0.00847902889754507,0.22197015174921922,0.7278333600211214,False
realistic,momentum,momentum,30D,1D,spearman,validation,83,0.006721623335447051,0.24438273242054062,0.8021404982323745,False
realistic,momentum,momentum,30D,3D,spearman,validation,83,0.011779448621553886,0.233794063257056,0.6462206229581549,False
realistic,momentum,momentum,30D,7D,spearman,validation,83,-0.016290726817042613,0.23569547440333405,0.5288960345270068,False
realistic,momentum,momentum,30D,14D,spearman,validation,83,-0.004429749071473867,0.21572029413716007,0.8515979741993385,False
realistic,momentum,momentum,30D,30D,spearman,validation,83,-0.09538605550019627,0.20364888259381095,1.9795122384672305e-05,True
realistic,momentum,momentum,30D,30D,pearson,validation,83,-0.09158435179218417,0.21255918244789015,8.659700863263077e-05,True
realistic,momentum,multi_horizon_momentum,combo,1H,spearman,design,113,0.0006682831493100305,0.2508962626624103,0.9774114904535637,False
realistic,momentum,multi_horizon_momentum,combo,4H,spearman,design,113,0.008636081353827041,0.2384504954560698,0.7002393938491562,False
realistic,momentum,multi_horizon_momentum,combo,12H,spearman,design,113,0.0046679361078385655,0.22208013942352298,0.8231956858565996,False
realistic,momentum,multi_horizon_momentum,combo,1D,spearman,design,113,0.011201905075024889,0.25657833048217765,0.6425764336105042,False
realistic,momentum,multi_horizon_momentum,combo,3D,spearman,design,113,0.00973565485812397,0.26076505480353335,0.6914587932785862,False
realistic,momentum,multi_horizon_momentum,combo,7D,spearman,design,113,-0.0039544462405362735,0.23865627382282828,0.8601858525218878,False
realistic,momentum,multi_horizon_momentum,combo,14D,spearman,design,113,-0.021756532142433126,0.22354224688363095,0.3008593061302435,False
realistic,momentum,multi_horizon_momentum,combo,30D,spearman,design,113,-0.030026165100413706,0.24873290315525745,0.1994101146541104,False
realistic,momentum,multi_horizon_momentum,combo,1H,spearman,validation,83,-0.06494549627079747,0.23664026882422162,0.01240734242073457,False
realistic,momentum,multi_horizon_momentum,combo,4H,spearman,validation,83,-0.03751849503276264,0.21755139400248016,0.11614366466361904,False
realistic,momentum,multi_horizon_momentum,combo,12H,spearman,validation,83,-0.00947851556602349,0.22419598711940777,0.7001120694091986,False
realistic,momentum,multi_horizon_momentum,combo,1D,spearman,validation,83,0.0027629314249479203,0.21399361434513753,0.9063629278157963,False
realistic,momentum,multi_horizon_momentum,combo,3D,spearman,validation,83,-0.02920856357761873,0.23400826397587274,0.25547526151147504,False
realistic,momentum,multi_horizon_momentum,combo,7D,spearman,validation,83,-0.061433704743787176,0.22489574543780153,0.012822770550619785,False
realistic,momentum,multi_horizon_momentum,combo,14D,spearman,validation,83,-0.07180602107678836,0.1998938832782696,0.001065419298892431,False
realistic,momentum,multi_horizon_momentum,combo,30D,spearman,validation,83,-0.00478908113657638,0.19548721322757612,0.8233883730822426,False
realistic,momentum,multi_timeframe_confirmation,combo,1H,spearman,design,0,,,,False
realistic,momentum,multi_timeframe_confirmation,combo,4H,spearman,design,0,,,,False
realistic,momentum,multi_timeframe_confirmation,combo,12H,spearman,design,0,,,,False
realistic,momentum,multi_timeframe_confirmation,combo,1D,spearman,design,0,,,,False
realistic,momentum,multi_timeframe_confirmation,combo,3D,spearman,design,0,,,,False
realistic,momentum,multi_timeframe_confirmation,combo,7D,spearman,design,0,,,,False
realistic,momentum,multi_timeframe_confirmation,combo,14D,spearman,design,0,,,,False
realistic,momentum,multi_timeframe_confirmation,combo,30D,spearman,design,0,,,,False
realistic,momentum,multi_timeframe_confirmation,combo,1H,spearman,validation,41,-0.012901775493548356,0.25353021866561415,0.7445412800894893,False
realistic,momentum,multi_timeframe_confirmation,combo,4H,spearman,validation,41,0.004622413187390496,0.2210004559518544,0.893460450513932,False
realistic,momentum,multi_timeframe_confirmation,combo,12H,spearman,validation,41,-0.008688962494695395,0.21849076077472337,0.7990010945161352,False
realistic,momentum,multi_timeframe_confirmation,combo,1D,spearman,validation,41,-0.02876242363538681,0.20315691221637003,0.36465139284511316,False
realistic,momentum,multi_timeframe_confirmation,combo,3D,spearman,validation,41,-0.03018826354091533,0.2366642142892211,0.41406236308248867,False
realistic,momentum,multi_timeframe_confirmation,combo,7D,spearman,validation,41,-0.026916448103613568,0.2288498522083237,0.45138316183287386,False
realistic,momentum,multi_timeframe_confirmation,combo,14D,spearman,validation,41,-0.015552532402683394,0.2284313816334086,0.6628725738486544,False
realistic,momentum,multi_timeframe_confirmation,combo,30D,spearman,validation,41,0.08362947124681737,0.20498314762778122,0.008991935989347069,False
realistic,mean_reversion,distance_from_ma,1H,1H,spearman,design,113,-0.027327004392814415,0.22442530495858393,0.19553663362577367,False
realistic,mean_reversion,distance_from_ma,1H,1H,pearson,design,113,-0.023151543096219678,0.20639934920711775,0.23311641287072649,False
realistic,mean_reversion,distance_from_ma,1H,4H,spearman,design,113,0.014128925906645846,0.23431147212316858,0.5215257637743728,False
realistic,mean_reversion,distance_from_ma,1H,12H,spearman,design,113,0.031677351890919386,0.2490496964023866,0.1763500378951275,False
realistic,mean_reversion,distance_from_ma,1H,1D,spearman,design,113,0.012229787117455272,0.21558896754993004,0.5464955043548578,False
realistic,mean_reversion,distance_from_ma,1H,3D,spearman,design,113,0.0025350009589303855,0.23263285289643829,0.907781937188626,False
realistic,mean_reversion,distance_from_ma,1H,7D,spearman,design,113,-0.003214014995844635,0.23707455526471108,0.8854114969446881,False
realistic,mean_reversion,distance_from_ma,1H,14D,spearman,design,113,-0.023094240024840864,0.22409098230176938,0.2732908697025739,False
realistic,mean_reversion,distance_from_ma,1H,30D,spearman,design,113,-0.01354238015653397,0.25440143714476937,0.5714839351310632,False
realistic,mean_reversion,distance_from_ma,1H,1H,spearman,validation,83,-0.021197572243862668,0.2432401209421692,0.4272279387854093,False
realistic,mean_reversion,distance_from_ma,1H,1H,pearson,validation,83,-0.016947853631434317,0.23936852114784743,0.5189011996670281,False
realistic,mean_reversion,distance_from_ma,1H,4H,spearman,validation,83,-0.012830268442189815,0.22313053114500966,0.6003754551907492,False
realistic,mean_reversion,distance_from_ma,1H,12H,spearman,validation,83,0.027354530905577195,0.21478966765381924,0.24594338731016296,False
realistic,mean_reversion,distance_from_ma,1H,1D,spearman,validation,83,0.05350424253404595,0.2513358152060983,0.052449664769405616,False
realistic,mean_reversion,distance_from_ma,1H,3D,spearman,validation,83,0.0610955098589848,0.26179552784676535,0.033493944127795654,False
realistic,mean_reversion,distance_from_ma,1H,7D,spearman,validation,83,0.05814838300570704,0.2703578989206674,0.050058294009378994,False
realistic,mean_reversion,distance_from_ma,1H,14D,spearman,validation,83,0.00648911435214542,0.2175379404351986,0.7858046736802596,False
realistic,mean_reversion,distance_from_ma,1H,30D,spearman,validation,83,-0.005827822568469367,0.2163728338559389,0.8061606946490142,False
realistic,mean_reversion,distance_from_ma,4H,1H,spearman,design,113,-0.04540375535402797,0.2114588204370396,0.022461571565105927,False
realistic,mean_reversion,distance_from_ma,4H,4H,spearman,design,113,-0.007060239093308494,0.21695073312396845,0.7293897660122821,False
realistic,mean_reversion,distance_from_ma,4H,4H,pearson,design,113,0.0032442180029550027,0.21371164729338396,0.8718025024521321,False
realistic,mean_reversion,distance_from_ma,4H,12H,spearman,design,113,0.0277868343424934,0.23720579244724316,0.2130436056509719,False
realistic,mean_reversion,distance_from_ma,4H,1D,spearman,design,113,0.009039745381151995,0.2293082272375332,0.6751725831923916,False
realistic,mean_reversion,distance_from_ma,4H,3D,spearman,design,113,-0.012009004812917248,0.2205361700122683,0.5626900529444181,False
realistic,mean_reversion,distance_from_ma,4H,7D,spearman,design,113,-0.022567741581961155,0.23134577697014802,0.2997503356052087,False
realistic,mean_reversion,distance_from_ma,4H,14D,spearman,design,113,-0.0412572947204033,0.23339358530614818,0.060230154290594494,False
realistic,mean_reversion,distance_from_ma,4H,30D,spearman,design,113,-0.01821122953140269,0.25855632069694007,0.4540219367232875,False
realistic,mean_reversion,distance_from_ma,4H,1H,spearman,validation,83,-0.009134281486849657,0.2632779999862899,0.751940764710767,False
realistic,mean_reversion,distance_from_ma,4H,4H,spearman,validation,83,0.008164990790228577,0.2335759583675101,0.7501295163873485,False
realistic,mean_reversion,distance_from_ma,4H,4H,pearson,validation,83,0.016262865084295468,0.2457509765576464,0.546579308165434,False
realistic,mean_reversion,distance_from_ma,4H,12H,spearman,validation,83,0.03205604372376725,0.23009905416960863,0.204365498818192,False
realistic,mean_reversion,distance_from_ma,4H,1D,spearman,validation,83,0.0497991967871486,0.2500045546698796,0.06956448427478612,False
realistic,mean_reversion,distance_from_ma,4H,3D,spearman,validation,83,0.04980523598152008,0.2533838767902933,0.0733333480476541,False
realistic,mean_reversion,distance_from_ma,4H,7D,spearman,validation,83,0.045173173898601926,0.27534607230522745,0.13500467801763882,False
realistic,mean_reversion,distance_from_ma,4H,14D,spearman,validation,83,-0.0020774828637859697,0.2435881409256386,0.9380667885104333,False
realistic,mean_reversion,distance_from_ma,4H,30D,spearman,validation,83,0.014690340308602843,0.22304828519007022,0.5484871174264863,False
realistic,mean_reversion,distance_from_ma,12H,1H,spearman,design,113,-0.03753641652282711,0.2298444610252535,0.08255799075119057,False
realistic,mean_reversion,distance_from_ma,12H,4H,spearman,design,113,0.012659250938381876,0.23827434877375359,0.5722317010982509,False
realistic,mean_reversion,distance_from_ma,12H,12H,spearman,design,113,0.029363818186799635,0.23267180644263458,0.1797408221331933,False
realistic,mean_reversion,distance_from_ma,12H,12H,pearson,design,113,0.026747379665031143,0.23508518870344777,0.22648222735022183,False
realistic,mean_reversion,distance_from_ma,12H,1D,spearman,design,113,0.0172212480707234,0.22899495046145335,0.42404379176972506,False
realistic,mean_reversion,distance_from_ma,12H,3D,spearman,design,113,-0.007993369681361134,0.21963953790256205,0.6988567082255337,False
realistic,mean_reversion,distance_from_ma,12H,7D,spearman,design,113,0.000942948208626715,0.23788039749079923,0.9663891138359975,False
realistic,mean_reversion,distance_from_ma,12H,14D,spearman,design,113,-0.00992721261769729,0.25468747795467617,0.6786236629020101,False
realistic,mean_reversion,distance_from_ma,12H,30D,spearman,design,113,-0.03218649826022631,0.2650475841722621,0.19674196245243092,False
realistic,mean_reversion,distance_from_ma,12H,1H,spearman,validation,83,-0.0008032128514056255,0.23983240834450092,0.9756592190588191,False
realistic,mean_reversion,distance_from_ma,12H,4H,spearman,validation,83,0.007754325572968564,0.2468628155042574,0.7747462564267086,False
realistic,mean_reversion,distance_from_ma,12H,12H,spearman,validation,83,0.04687924630854243,0.25080709282803376,0.08859360424084274,False
realistic,mean_reversion,distance_from_ma,12H,12H,pearson,validation,83,0.050114512540187804,0.25127959157772034,0.06922325594311857,False
realistic,mean_reversion,distance_from_ma,12H,1D,spearman,validation,83,0.04553552556089018,0.22694019453781078,0.0675484237703426,False
realistic,mean_reversion,distance_from_ma,12H,3D,spearman,validation,83,0.042648790651327116,0.23393138855435894,0.09672294416957398,False
realistic,mean_reversion,distance_from_ma,12H,7D,spearman,validation,83,0.03346317601231995,0.21941807476518405,0.16470482143881982,False
realistic,mean_reversion,distance_from_ma,12H,14D,spearman,validation,83,0.004103632575414441,0.23369412484018937,0.8728985618461381,False
realistic,mean_reversion,distance_from_ma,12H,30D,spearman,validation,83,0.03317027508530362,0.22592718684782417,0.18103353004082134,False
realistic,mean_reversion,distance_from_ma,1D,1H,spearman,design,113,-0.022703818369453052,0.23938343098659737,0.31336141604949996,False
realistic,mean_reversion,distance_from_ma,1D,4H,spearman,design,113,0.008056613423198807,0.2699531842367146,0.7510529921831103,False
realistic,mean_reversion,distance_from_ma,1D,12H,spearman,design,113,0.02918390458186068,0.2428523166234478,0.20144709906693892,False
realistic,mean_reversion,distance_from_ma,1D,1D,spearman,design,113,0.01583970337086861,0.24663656060968395,0.4947975148921734,False
realistic,mean_reversion,distance_from_ma,1D,1D,pearson,design,113,0.016775217172350556,0.24875736527883552,0.47346346291991726,False
realistic,mean_reversion,distance_from_ma,1D,3D,spearman,design,113,0.0015141967359836325,0.2246008015031505,0.9428681006704621,False
realistic,mean_reversion,distance_from_ma,1D,7D,spearman,design,113,0.0031222316593148584,0.23859213859862882,0.8893657916326978,False
realistic,mean_reversion,distance_from_ma,1D,14D,spearman,design,113,-0.014367973551786812,0.2417576982708121,0.5275415240872303,False
realistic,mean_reversion,distance_from_ma,1D,30D,spearman,design,113,-0.04341351817858024,0.25593987102793214,0.0713683105670034,False
realistic,mean_reversion,distance_from_ma,1D,1H,spearman,validation,83,-0.01862789503880183,0.22908243632485883,0.4588043075438816,False
realistic,mean_reversion,distance_from_ma,1D,4H,spearman,validation,83,-0.027342452516834256,0.24199972594830327,0.30331682800189064,False
realistic,mean_reversion,distance_from_ma,1D,12H,spearman,validation,83,0.019056677839176254,0.2592928212976377,0.5031321813274267,False
realistic,mean_reversion,distance_from_ma,1D,1D,spearman,validation,83,0.036512969169912736,0.23350738243883332,0.15427984186522267,False
realistic,mean_reversion,distance_from_ma,1D,1D,pearson,validation,83,0.038589462727286535,0.23459893294149034,0.13398099993077703,False
realistic,mean_reversion,distance_from_ma,1D,3D,spearman,validation,83,0.02233897998007067,0.2463078632100359,0.4086486559340934,False
realistic,mean_reversion,distance_from_ma,1D,7D,spearman,validation,83,0.008944046864148323,0.22415420253120535,0.7162177776632246,False
realistic,mean_reversion,distance_from_ma,1D,14D,spearman,validation,83,-0.008312951052329612,0.2399924630681085,0.7523283837110579,False
realistic,mean_reversion,distance_from_ma,1D,30D,spearman,validation,83,0.032013769363166945,0.2188247858916323,0.18258297830099812,False
realistic,mean_reversion,distance_from_ma,3D,1H,spearman,design,113,-0.008522836242088822,0.2674170950352915,0.7347658098605434,False
realistic,mean_reversion,distance_from_ma,3D,4H,spearman,design,113,-0.006898362512214948,0.27373135717080327,0.7887820056751318,False
realistic,mean_reversion,distance_from_ma,3D,12H,spearman,design,113,0.006012265176214871,0.2501741357650496,0.7983623680220469,False
realistic,mean_reversion,distance_from_ma,3D,1D,spearman,design,113,0.0015530105847648883,0.2658938915497658,0.9504930256393497,False
realistic,mean_reversion,distance_from_ma,3D,3D,spearman,design,113,-0.008155017945697143,0.23471602087456558,0.7118774426966694,False
realistic,mean_reversion,distance_from_ma,3D,3D,pearson,design,113,-0.005773160893952323,0.2375004783107271,0.7961001059836731,False
realistic,mean_reversion,distance_from_ma,3D,7D,spearman,design,113,0.01124597020922947,0.2441606715866564,0.6244017919044622,False
realistic,mean_reversion,distance_from_ma,3D,14D,spearman,design,113,-0.010137264034631084,0.2506219415367548,0.6672154944144364,False
realistic,mean_reversion,distance_from_ma,3D,30D,spearman,design,113,-0.020998292190653623,0.2535180679147363,0.378605060754877,False
realistic,mean_reversion,distance_from_ma,3D,1H,spearman,validation,83,-0.020548358848929554,0.245534088837553,0.44579878237956005,False
realistic,mean_reversion,distance_from_ma,3D,4H,spearman,validation,83,-0.04395023703837908,0.22978239951160745,0.081413471387547,False
realistic,mean_reversion,distance_from_ma,3D,12H,spearman,validation,83,0.006292840535072617,0.2596030747718657,0.8252177287176389,False
realistic,mean_reversion,distance_from_ma,3D,1D,spearman,validation,83,0.024648971827158264,0.23426171352219066,0.3377612777638005,False
realistic,mean_reversion,distance_from_ma,3D,3D,spearman,validation,83,-0.014210224356070897,0.21435772197036482,0.5458770122924661,False
realistic,mean_reversion,distance_from_ma,3D,3D,pearson,validation,83,-0.0116997379133592,0.23294706771338572,0.6472611065768393,False
realistic,mean_reversion,distance_from_ma,3D,7D,spearman,validation,83,-0.025572968565993292,0.24024409367397556,0.33216256740726224,False
realistic,mean_reversion,distance_from_ma,3D,14D,spearman,validation,83,-0.06412718543346319,0.24003247582793677,0.014935157869381682,False
realistic,mean_reversion,distance_from_ma,3D,30D,spearman,validation,83,0.0024790892894887874,0.22870753625123091,0.9213343067878779,False
realistic,mean_reversion,distance_from_ma,7D,1H,spearman,design,113,0.011022904737116082,0.26205530401794674,0.6547748722416115,False
realistic,mean_reversion,distance_from_ma,7D,4H,spearman,design,113,0.004135958062777981,0.25284602630124187,0.8619567551390878,False
realistic,mean_reversion,distance_from_ma,7D,12H,spearman,design,113,-0.004097829164269341,0.25156208638062727,0.8625255682221927,False
realistic,mean_reversion,distance_from_ma,7D,1D,spearman,design,113,-0.004432998164333264,0.26187796175006606,0.8571963852751668,False
realistic,mean_reversion,distance_from_ma,7D,3D,spearman,design,113,0.0042311661506707855,0.2713272651438007,0.8683379780193077,False
realistic,mean_reversion,distance_from_ma,7D,7D,spearman,design,113,0.003950793172415681,0.2485390184329844,0.8658143218452777,False
realistic,mean_reversion,distance_from_ma,7D,7D,pearson,design,113,-0.0010940984251123246,0.23690333296772265,0.960844742992975,False
realistic,mean_reversion,distance_from_ma,7D,14D,spearman,design,113,-0.011943021269989137,0.22992497322977481,0.5808366979686155,False
realistic,mean_reversion,distance_from_ma,7D,30D,spearman,design,113,-0.020509466012767475,0.2443108071803618,0.37218811150935804,False
realistic,mean_reversion,distance_from_ma,7D,1H,spearman,validation,83,-0.04725367635957363,0.226673826167678,0.05753670668668098,False
realistic,mean_reversion,distance_from_ma,7D,4H,spearman,validation,83,-0.04138357943050397,0.22130959726527116,0.08845641441671609,False
realistic,mean_reversion,distance_from_ma,7D,12H,spearman,validation,83,-0.0014947006069390286,0.22207663333369215,0.9511056847490973,False
realistic,mean_reversion,distance_from_ma,7D,1D,spearman,validation,83,0.005151432798864635,0.22140440242229525,0.8321279894711375,False
realistic,mean_reversion,distance_from_ma,7D,3D,spearman,validation,83,-0.02953468007367817,0.2182580711663464,0.21764151588135694,False
realistic,mean_reversion,distance_from_ma,7D,7D,spearman,validation,83,-0.03597246127366609,0.2324192233847925,0.1585223875371441,False
realistic,mean_reversion,distance_from_ma,7D,7D,pearson,validation,83,-0.04620743734623865,0.24886446968087703,0.0907294336361866,False
realistic,mean_reversion,distance_from_ma,7D,14D,spearman,validation,83,-0.06600235528580488,0.21054923928119243,0.004291342183061913,False
realistic,mean_reversion,distance_from_ma,7D,30D,spearman,validation,83,0.009179575444635681,0.20943265536092567,0.6896600198215219,False
realistic,mean_reversion,distance_from_ma,14D,1H,spearman,design,113,0.024508205704265866,0.2539849818458523,0.3050081306910898,False
realistic,mean_reversion,distance_from_ma,14D,4H,spearman,design,113,0.012541667808250449,0.23359118000805304,0.5681761105312844,False
realistic,mean_reversion,distance_from_ma,14D,12H,spearman,design,113,0.006422778706265922,0.25274656297655923,0.7870582795009298,False
realistic,mean_reversion,distance_from_ma,14D,1D,spearman,design,113,0.005436450313707221,0.2627775122933105,0.8259327810387049,False
realistic,mean_reversion,distance_from_ma,14D,3D,spearman,design,113,0.004783921020667228,0.2585307394581414,0.844059944252534,False
realistic,mean_reversion,distance_from_ma,14D,7D,spearman,design,113,-0.009718302784551174,0.20795759033203837,0.6193516481108987,False
realistic,mean_reversion,distance_from_ma,14D,14D,spearman,design,113,-0.023802021973204746,0.19930977114602247,0.20427135728603063,False
realistic,mean_reversion,distance_from_ma,14D,14D,pearson,design,113,-0.02471432088226997,0.19340603825082245,0.17434651449088312,False
realistic,mean_reversion,distance_from_ma,14D,30D,spearman,design,113,-0.04078673388312009,0.22201580863674586,0.05083451221366194,False
realistic,mean_reversion,distance_from_ma,14D,1H,spearman,validation,83,-0.05617960564060754,0.22362966509647217,0.022096957717879673,False
realistic,mean_reversion,distance_from_ma,14D,4H,spearman,validation,83,-0.026660023552858046,0.22458143210612058,0.2794756416703814,False
realistic,mean_reversion,distance_from_ma,14D,12H,spearman,validation,83,-0.01210858471479905,0.22207405831530153,0.6193679997022254,False
realistic,mean_reversion,distance_from_ma,14D,1D,spearman,validation,83,-0.010538394178216627,0.23570693671316767,0.6837692655624221,False
realistic,mean_reversion,distance_from_ma,14D,3D,spearman,validation,83,-0.054144397137421856,0.23637340562587628,0.03690051288583089,False
realistic,mean_reversion,distance_from_ma,14D,7D,spearman,validation,83,-0.08702177129570915,0.2453221357047197,0.0012305877046445662,False
realistic,mean_reversion,distance_from_ma,14D,14D,spearman,validation,83,-0.04137150104176103,0.19978833530056309,0.05921978011064512,False
realistic,mean_reversion,distance_from_ma,14D,14D,pearson,validation,83,-0.059038339405562884,0.22645904671525297,0.017543779125876548,False
realistic,mean_reversion,distance_from_ma,14D,30D,spearman,validation,83,-0.005830842165655099,0.2080749004474864,0.7984914809449914,False
realistic,mean_reversion,distance_from_ma,30D,1H,spearman,design,113,0.02409403910609423,0.2192580589634658,0.2427520638170696,False
realistic,mean_reversion,distance_from_ma,30D,4H,spearman,design,113,0.013510644127236363,0.24370830072659422,0.5556522964942361,False
realistic,mean_reversion,distance_from_ma,30D,12H,spearman,design,113,-0.0011874754559485637,0.24527632224846227,0.9589553438933718,False
realistic,mean_reversion,distance_from_ma,30D,1D,spearman,design,113,0.0008819876343644086,0.2576142147866764,0.9709680577195707,False
realistic,mean_reversion,distance_from_ma,30D,3D,spearman,design,113,0.001559403453975909,0.2506471115849964,0.9472699031729155,False
realistic,mean_reversion,distance_from_ma,30D,7D,spearman,design,113,-0.021224325780614995,0.18854835815271534,0.23146102696912652,False
realistic,mean_reversion,distance_from_ma,30D,14D,spearman,design,113,-0.048801793656447205,0.16745875803834745,0.0019489837539665535,False
realistic,mean_reversion,distance_from_ma,30D,30D,spearman,design,113,-0.041145647825967836,0.2281772899386138,0.0552555439833379,False
realistic,mean_reversion,distance_from_ma,30D,30D,pearson,design,113,-0.02640780332410621,0.2580649141425285,0.27669061934726535,False
realistic,mean_reversion,distance_from_ma,30D,1H,spearman,validation,83,-0.03257541443971374,0.2363906441142391,0.2093161918990043,False
realistic,mean_reversion,distance_from_ma,30D,4H,spearman,validation,83,-0.015101005525862856,0.2306638443171954,0.5508825862605824,False
realistic,mean_reversion,distance_from_ma,30D,12H,spearman,validation,83,-0.012168976658513748,0.223086538310936,0.6192186261788881,False
realistic,mean_reversion,distance_from_ma,30D,1D,spearman,validation,83,-0.003043753963221305,0.2565001103914505,0.9139093902184225,False
realistic,mean_reversion,distance_from_ma,30D,3D,spearman,validation,83,-0.015306338134492854,0.2626939890707593,0.5955325613238471,False
realistic,mean_reversion,distance_from_ma,30D,7D,spearman,validation,83,-0.02102545520427574,0.2774532585657819,0.4899488323956248,False
realistic,mean_reversion,distance_from_ma,30D,14D,spearman,validation,83,0.027780294108765896,0.21976372309402098,0.24946561353621288,False
realistic,mean_reversion,distance_from_ma,30D,30D,spearman,validation,83,-0.03125887006673309,0.2108059793160285,0.1767212949321223,False
realistic,mean_reversion,distance_from_ma,30D,30D,pearson,validation,83,-0.05075508279078615,0.2248439290507884,0.03973037633186806,False
realistic,mean_reversion,return_zscore,1H,1H,spearman,design,113,0.010661022676420355,0.21908016192153273,0.6049529416721765,False
realistic,mean_reversion,return_zscore,1H,1H,pearson,design,113,0.009527536303701581,0.22001280982584523,0.64527740263733,False
realistic,mean_reversion,return_zscore,1H,4H,spearman,design,113,0.019912189375051376,0.23935217983330165,0.37651096596581224,False
realistic,mean_reversion,return_zscore,1H,12H,spearman,design,113,0.04080134615560242,0.2283186983140594,0.057479846044025076,False
realistic,mean_reversion,return_zscore,1H,1D,spearman,design,113,0.018860790706594695,0.20769585859605896,0.3343845835488266,False
realistic,mean_reversion,return_zscore,1H,3D,spearman,design,113,0.0023607952729298542,0.2460289739915081,0.9187546017901597,False
realistic,mean_reversion,return_zscore,1H,7D,spearman,design,113,-0.017068732476688858,0.2538623663991437,0.4747757360126098,False
realistic,mean_reversion,return_zscore,1H,14D,spearman,design,113,-0.03081180306309761,0.24191384495817214,0.1757593085371586,False
realistic,mean_reversion,return_zscore,1H,30D,spearman,design,113,-0.010531567074897033,0.26306454063086654,0.6704219881551338,False
realistic,mean_reversion,return_zscore,1H,1H,spearman,validation,83,-0.033040432406317,0.2159246906433308,0.16329852109939624,False
realistic,mean_reversion,return_zscore,1H,1H,pearson,validation,83,-0.03365807003104411,0.2220763687504161,0.1673452256634076,False
realistic,mean_reversion,return_zscore,1H,4H,spearman,validation,83,-0.027112963130718357,0.20731656542722587,0.233470297523515,False
realistic,mean_reversion,return_zscore,1H,12H,spearman,validation,83,0.011302352266207686,0.2110624303545693,0.6256476249786214,False
realistic,mean_reversion,return_zscore,1H,1D,spearman,validation,83,0.03956578192469124,0.2528808174616808,0.15403576913908176,False
realistic,mean_reversion,return_zscore,1H,3D,spearman,validation,83,0.04458737204456926,0.2584586482524354,0.11602837094394065,False
realistic,mean_reversion,return_zscore,1H,7D,spearman,validation,83,0.06734909563064288,0.24346690565255746,0.011729615495890569,False
realistic,mean_reversion,return_zscore,1H,14D,spearman,validation,83,0.001440347857595793,0.19402276059004572,0.9460783920716678,False
realistic,mean_reversion,return_zscore,1H,30D,spearman,validation,83,-0.025391792734849174,0.21295139435885813,0.2773439163139171,False
realistic,mean_reversion,return_zscore,4H,1H,spearman,design,113,0.010661022676420355,0.21908016192153273,0.6049529416721765,False
realistic,mean_reversion,return_zscore,4H,4H,spearman,design,113,0.019912189375051376,0.23935217983330165,0.37651096596581224,False
realistic,mean_reversion,return_zscore,4H,4H,pearson,design,113,0.022858386536851114,0.23596860638844855,0.3031287515761404,False
realistic,mean_reversion,return_zscore,4H,12H,spearman,design,113,0.04080134615560242,0.2283186983140594,0.057479846044025076,False
realistic,mean_reversion,return_zscore,4H,1D,spearman,design,113,0.018860790706594695,0.20769585859605896,0.3343845835488266,False
realistic,mean_reversion,return_zscore,4H,3D,spearman,design,113,0.0023607952729298542,0.2460289739915081,0.9187546017901597,False
realistic,mean_reversion,return_zscore,4H,7D,spearman,design,113,-0.017068732476688858,0.2538623663991437,0.4747757360126098,False
realistic,mean_reversion,return_zscore,4H,14D,spearman,design,113,-0.03081180306309761,0.24191384495817214,0.1757593085371586,False
realistic,mean_reversion,return_zscore,4H,30D,spearman,design,113,-0.010531567074897033,0.26306454063086654,0.6704219881551338,False
realistic,mean_reversion,return_zscore,4H,1H,spearman,validation,83,-0.033040432406317,0.2159246906433308,0.16329852109939624,False
realistic,mean_reversion,return_zscore,4H,4H,spearman,validation,83,-0.027112963130718357,0.20731656542722587,0.233470297523515,False
realistic,mean_reversion,return_zscore,4H,4H,pearson,validation,83,-0.03377394420183551,0.2151033603343603,0.15258700837992464,False
realistic,mean_reversion,return_zscore,4H,12H,spearman,validation,83,0.011302352266207686,0.2110624303545693,0.6256476249786214,False
realistic,mean_reversion,return_zscore,4H,1D,spearman,validation,83,0.03956578192469124,0.2528808174616808,0.15403576913908176,False
realistic,mean_reversion,return_zscore,4H,3D,spearman,validation,83,0.04458737204456926,0.2584586482524354,0.11602837094394065,False
realistic,mean_reversion,return_zscore,4H,7D,spearman,validation,83,0.06734909563064288,0.24346690565255746,0.011729615495890569,False
realistic,mean_reversion,return_zscore,4H,14D,spearman,validation,83,0.001440347857595793,0.19402276059004572,0.9460783920716678,False
realistic,mean_reversion,return_zscore,4H,30D,spearman,validation,83,-0.025391792734849174,0.21295139435885813,0.2773439163139171,False
realistic,mean_reversion,return_zscore,12H,1H,spearman,design,113,-0.01381270719745746,0.21163223044769694,0.4878057159588012,False
realistic,mean_reversion,return_zscore,12H,4H,spearman,design,113,0.015930801757125763,0.23862798179563344,0.4779097727255661,False
realistic,mean_reversion,return_zscore,12H,12H,spearman,design,113,0.028116752057133987,0.24989756273441846,0.23168455203879723,False
realistic,mean_reversion,return_zscore,12H,12H,pearson,design,113,0.030389600932410925,0.2509646138651194,0.198018702764032,False
realistic,mean_reversion,return_zscore,12H,1D,spearman,design,113,0.0014066595431838358,0.22125816182548422,0.9461186473429998,False
realistic,mean_reversion,return_zscore,12H,3D,spearman,design,113,-0.01772856790597003,0.23370669469685298,0.42002166051284495,False
realistic,mean_reversion,return_zscore,12H,7D,spearman,design,113,-0.019632729663826405,0.2394903022209459,0.3835199925569738,False
realistic,mean_reversion,return_zscore,12H,14D,spearman,design,113,-0.03151113729143265,0.22420252542524075,0.13516464822965357,False
realistic,mean_reversion,return_zscore,12H,30D,spearman,design,113,-0.007340612071563602,0.2440296624311794,0.7491476258808356,False
realistic,mean_reversion,return_zscore,12H,1H,spearman,validation,83,-0.01197874203581243,0.23898286630653912,0.6479226112139619,False
realistic,mean_reversion,return_zscore,12H,4H,spearman,validation,83,0.0022918742639731794,0.2113395656566733,0.9212984992798233,False
realistic,mean_reversion,return_zscore,12H,12H,spearman,validation,83,0.02344113295286409,0.20244586334498924,0.2914739010737605,False
realistic,mean_reversion,return_zscore,12H,12H,pearson,validation,83,0.03283803349254299,0.21090239146200485,0.15603974708791674,False
realistic,mean_reversion,return_zscore,12H,1D,spearman,validation,83,0.048857082465199125,0.2369958931139105,0.06036332093542872,False
realistic,mean_reversion,return_zscore,12H,3D,spearman,validation,83,0.05532505963704442,0.2588719023973223,0.0515293223966106,False
realistic,mean_reversion,return_zscore,12H,7D,spearman,validation,83,0.05216052178639369,0.2713205574976454,0.07986805962303072,False
realistic,mean_reversion,return_zscore,12H,14D,spearman,validation,83,-0.0027780294108765854,0.2098720005409345,0.9040135710764459,False
realistic,mean_reversion,return_zscore,12H,30D,spearman,validation,83,-0.02021922275568438,0.2241949175522885,0.4112859459671667,False
realistic,mean_reversion,return_zscore,1D,1H,spearman,design,113,-0.01945190279185731,0.2201416673174634,0.3475825795107924,False
realistic,mean_reversion,return_zscore,1D,4H,spearman,design,113,0.01572143529046458,0.2367955330068358,0.4803365234151734,False
realistic,mean_reversion,return_zscore,1D,12H,spearman,design,113,0.02997410887969533,0.2501561793966452,0.20276235522081876,False
realistic,mean_reversion,return_zscore,1D,1D,spearman,design,113,0.004736659451857125,0.21865100077245145,0.817872679117077,False
realistic,mean_reversion,return_zscore,1D,1D,pearson,design,113,0.004000660217156848,0.22791717341097925,0.8519802636270076,False
realistic,mean_reversion,return_zscore,1D,3D,spearman,design,113,-0.0073789692868297795,0.23742166872023976,0.7411123788927338,False
realistic,mean_reversion,return_zscore,1D,7D,spearman,design,113,-0.007367325132195406,0.2310849977035528,0.7346816912957517,False
realistic,mean_reversion,return_zscore,1D,14D,spearman,design,113,-0.02372119784103674,0.2230334701827374,0.25822697935134886,False
realistic,mean_reversion,return_zscore,1D,30D,spearman,design,113,-0.017563723207028505,0.24473079358924313,0.44552348396623,False
realistic,mean_reversion,return_zscore,1D,1H,spearman,validation,83,-0.015239906996406682,0.2431926111464425,0.5680576782458426,False
realistic,mean_reversion,return_zscore,1D,4H,spearman,validation,83,0.0018057191170697865,0.21610753579785397,0.9393207628116114,False
realistic,mean_reversion,return_zscore,1D,12H,spearman,validation,83,0.03352054835884893,0.2187316804957571,0.16266314461977271,False
realistic,mean_reversion,return_zscore,1D,1D,spearman,validation,83,0.053431772201588304,0.23798329031079907,0.040808986418672505,False
realistic,mean_reversion,return_zscore,1D,1D,pearson,validation,83,0.062191018126629735,0.23637009388946031,0.016528392197600907,False
realistic,mean_reversion,return_zscore,1D,3D,spearman,validation,83,0.05931696711658664,0.25756231157826953,0.035892265453567045,False
realistic,mean_reversion,return_zscore,1D,7D,spearman,validation,83,0.06584835582933236,0.2713363101926981,0.02704030610074207,False
realistic,mean_reversion,return_zscore,1D,14D,spearman,validation,83,0.019482441042364948,0.21163410509138084,0.40164839037774913,False
realistic,mean_reversion,return_zscore,1D,30D,spearman,validation,83,-0.007080955400549567,0.21761292044555633,0.7668891702247818,False
realistic,mean_reversion,return_zscore,3D,1H,spearman,design,113,-0.032352027909440445,0.2228848321165534,0.12283569854011385,False
realistic,mean_reversion,return_zscore,3D,4H,spearman,design,113,0.011715846096240075,0.22981423734328363,0.5878729563334159,False
realistic,mean_reversion,return_zscore,3D,12H,spearman,design,113,0.029555147629615423,0.24887775547057484,0.20681608848636257,False
realistic,mean_reversion,return_zscore,3D,1D,spearman,design,113,0.010004155364987164,0.21652841075483226,0.6233278677693846,False
realistic,mean_reversion,return_zscore,3D,3D,spearman,design,113,-0.0038181411362868413,0.22705569883007512,0.8581298886913522,False
realistic,mean_reversion,return_zscore,3D,3D,pearson,design,113,-0.003964991160054431,0.23832711045637853,0.8596252753406861,False
realistic,mean_reversion,return_zscore,3D,7D,spearman,design,113,-0.011670182744732735,0.23554363110422724,0.598416933529679,False
realistic,mean_reversion,return_zscore,3D,14D,spearman,design,113,-0.03191251815118222,0.2235834926075388,0.12920056626849086,False
realistic,mean_reversion,return_zscore,3D,30D,spearman,design,113,-0.019111482506370035,0.2541232373350976,0.4240317549603111,False
realistic,mean_reversion,return_zscore,3D,1H,spearman,validation,83,-0.0196575776791376,0.2429687797043344,0.4610696273242211,False
realistic,mean_reversion,return_zscore,3D,4H,spearman,validation,83,-0.010257571639943227,0.22324528710371028,0.6755070229762854,False
realistic,mean_reversion,return_zscore,3D,12H,spearman,validation,83,0.029770208654165534,0.21694620917890997,0.21123767840263996,False
realistic,mean_reversion,return_zscore,3D,1D,spearman,validation,83,0.052984871818099466,0.24110588965993718,0.04527529154870804,False
realistic,mean_reversion,return_zscore,3D,3D,spearman,validation,83,0.06510855451882719,0.2516477729278974,0.01841667085045326,False
realistic,mean_reversion,return_zscore,3D,3D,pearson,validation,83,0.06486022803511524,0.24740942031878765,0.016923375867043636,False
realistic,mean_reversion,return_zscore,3D,7D,spearman,validation,83,0.06639490291995047,0.2663641138411948,0.02315301250754559,False
realistic,mean_reversion,return_zscore,3D,14D,spearman,validation,83,0.02210043180239757,0.21526195701051112,0.3496097636058805,False
realistic,mean_reversion,return_zscore,3D,30D,spearman,validation,83,-0.002533442038832021,0.21202343481688504,0.9133139662135539,False
realistic,mean_reversion,return_zscore,7D,1H,spearman,design,113,-0.03658981524607981,0.21969658546489562,0.07665731979727973,False
realistic,mean_reversion,return_zscore,7D,4H,spearman,design,113,0.012376138159036326,0.22853094914788796,0.56483310420484,False
realistic,mean_reversion,return_zscore,7D,12H,spearman,design,113,0.03173648593112141,0.2507677719186472,0.17852117855202732,False
realistic,mean_reversion,return_zscore,7D,1D,spearman,design,113,0.009531311360128587,0.22003795966424494,0.6451842805340811,False
realistic,mean_reversion,return_zscore,7D,3D,spearman,design,113,-0.00037284126505748714,0.23261271135433242,0.9864059519771969,False
realistic,mean_reversion,return_zscore,7D,7D,spearman,design,113,-0.007329881183959381,0.23969968639123138,0.7451327389099468,False
realistic,mean_reversion,return_zscore,7D,7D,pearson,design,113,-0.01950744462168676,0.23423939816753736,0.3760067243960201,False
realistic,mean_reversion,return_zscore,7D,14D,spearman,design,113,-0.03027229056503831,0.2251728920229718,0.15297002763835785,False
realistic,mean_reversion,return_zscore,7D,30D,spearman,design,113,-0.021091217110971075,0.25634042448828775,0.38177592191093623,False
realistic,mean_reversion,return_zscore,7D,1H,spearman,validation,83,-0.017045626113476462,0.24609164026054034,0.5280160289152707,False
realistic,mean_reversion,return_zscore,7D,4H,spearman,validation,83,-0.008853458948576262,0.22306886023746697,0.7176605141344782,False
realistic,mean_reversion,return_zscore,7D,12H,spearman,validation,83,0.03574901108192167,0.21315523298606834,0.12652675501288096,False
realistic,mean_reversion,return_zscore,7D,1D,spearman,validation,83,0.060168493522964044,0.24644173155003693,0.026128070195459215,False
realistic,mean_reversion,return_zscore,7D,3D,spearman,validation,83,0.06920010870549868,0.2591074473036801,0.014968783321134027,False
realistic,mean_reversion,return_zscore,7D,7D,spearman,validation,83,0.0683908566597216,0.2691121254337099,0.02059752510924988,False
realistic,mean_reversion,return_zscore,7D,7D,pearson,validation,83,0.051278728153553776,0.25910529910328456,0.07138543105937735,False
realistic,mean_reversion,return_zscore,7D,14D,spearman,validation,83,0.017130174834677055,0.21599129990419993,0.4699597927919137,False
realistic,mean_reversion,return_zscore,7D,30D,spearman,validation,83,-0.006199233022314826,0.21549712322503972,0.793258997830777,False
realistic,mean_reversion,return_zscore,14D,1H,spearman,design,113,-0.03437034804606519,0.22556818763884404,0.1052881444820312,False
realistic,mean_reversion,return_zscore,14D,4H,spearman,design,113,0.014334639305186449,0.23619361066821087,0.5188327332357582,False
realistic,mean_reversion,return_zscore,14D,12H,spearman,design,113,0.028138898782615048,0.2523356374874527,0.23585630534828617,False
realistic,mean_reversion,return_zscore,14D,1D,spearman,design,113,0.0059960546864297635,0.21797289894331282,0.7699679716869341,False
realistic,mean_reversion,return_zscore,14D,3D,spearman,design,113,-0.0017760760568782724,0.2363175306774618,0.9363229260706498,False
realistic,mean_reversion,return_zscore,14D,7D,spearman,design,113,-0.00422363169767208,0.2421389694135635,0.8528982846563102,False
realistic,mean_reversion,return_zscore,14D,14D,spearman,design,113,-0.028203284108240412,0.2269647168839272,0.1865239431185436,False
realistic,mean_reversion,return_zscore,14D,14D,pearson,design,113,-0.029379042862808576,0.23643810701054518,0.18654540957269128,False
realistic,mean_reversion,return_zscore,14D,30D,spearman,design,113,-0.018173328949651592,0.2555105344150818,0.4496042080943701,False
realistic,mean_reversion,return_zscore,14D,1H,spearman,validation,83,-0.018718482954373894,0.24391063523151302,0.48444964749490493,False
realistic,mean_reversion,return_zscore,14D,4H,spearman,validation,83,-0.010535374581030894,0.22447329389760803,0.6689519359639242,False
realistic,mean_reversion,return_zscore,14D,12H,spearman,validation,83,0.030887459612887646,0.21018229495138913,0.18062635155478335,False
realistic,mean_reversion,return_zscore,14D,1D,spearman,validation,83,0.05863151855542469,0.2499302796589066,0.03257926834275548,False
realistic,mean_reversion,return_zscore,14D,3D,spearman,validation,83,0.07249146963795029,0.26232565881251485,0.011816043989310118,False
realistic,mean_reversion,return_zscore,14D,7D,spearman,validation,83,0.06922426548298456,0.27046552314801314,0.019712856354835072,False
realistic,mean_reversion,return_zscore,14D,14D,spearman,validation,83,0.012368270072772289,0.2187739138240306,0.6065155299255767,False
realistic,mean_reversion,return_zscore,14D,14D,pearson,validation,83,0.004552375255127941,0.22152075633493298,0.8514846178602865,False
realistic,mean_reversion,return_zscore,14D,30D,spearman,validation,83,-9.058791557205867e-05,0.21923068856569985,0.9969963660765924,False
realistic,mean_reversion,return_zscore,30D,1H,spearman,design,113,-0.03471807446779364,0.22604753874449576,0.1025410651238696,False
realistic,mean_reversion,return_zscore,30D,4H,spearman,design,113,0.014085774039471404,0.24143332526039277,0.5351346186575604,False
realistic,mean_reversion,return_zscore,30D,12H,spearman,design,113,0.031777354630720483,0.2561739874354219,0.18729387298476097,False
realistic,mean_reversion,return_zscore,30D,1D,spearman,design,113,0.010624491995214478,0.22087379930336223,0.6091184189805032,False
realistic,mean_reversion,return_zscore,30D,3D,spearman,design,113,-0.0014500397271158063,0.2417040977253564,0.9491511805947215,False
realistic,mean_reversion,return_zscore,30D,7D,spearman,design,113,-0.0031685799610948204,0.24384750122281698,0.890138286861824,False
realistic,mean_reversion,return_zscore,30D,14D,spearman,design,113,-0.025357772359060067,0.23063720340421492,0.24250509369354456,False
realistic,mean_reversion,return_zscore,30D,30D,spearman,design,113,-0.01928797135994594,0.2605095624925741,0.43125282903032247,False
realistic,mean_reversion,return_zscore,30D,30D,pearson,design,113,0.007756193713490525,0.25947243917897106,0.7506684334782199,False
realistic,mean_reversion,return_zscore,30D,1H,spearman,validation,83,-0.018815110064317412,0.24669906888963863,0.4871621080728785,False
realistic,mean_reversion,return_zscore,30D,4H,spearman,validation,83,-0.01113023522662077,0.22670476490282443,0.6546704806234019,False
realistic,mean_reversion,return_zscore,30D,12H,spearman,validation,83,0.03097200833408823,0.21074629276169768,0.18060290004450308,False
realistic,mean_reversion,return_zscore,30D,1D,spearman,validation,83,0.059706495153546514,0.2517313881958631,0.030707453761984242,False
realistic,mean_reversion,return_zscore,30D,3D,spearman,validation,83,0.06476734003683908,0.2655918492372498,0.026305333816517305,False
realistic,mean_reversion,return_zscore,30D,7D,spearman,validation,83,0.06365008907811699,0.2732295777122299,0.03381108655827894,False
realistic,mean_reversion,return_zscore,30D,14D,spearman,validation,83,0.010242473654014555,0.21818629753612676,0.6688859143870426,False
realistic,mean_reversion,return_zscore,30D,30D,spearman,validation,83,0.0015430141619108,0.22329257460093171,0.9498018244649272,False
realistic,mean_reversion,return_zscore,30D,30D,pearson,validation,83,-0.011923567135106151,0.22895007842583623,0.6351681408243743,False
realistic,mean_reversion,bollinger_deviation,1H,1H,spearman,design,113,-0.0349055225257313,0.22191463696164543,0.09451586201890433,False
realistic,mean_reversion,bollinger_deviation,1H,1H,pearson,design,113,-0.03459365345965374,0.21038325188877946,0.08047583404047928,False
realistic,mean_reversion,bollinger_deviation,1H,4H,spearman,design,113,-0.0023306574609349992,0.21593163824697076,0.9086540253234978,False
realistic,mean_reversion,bollinger_deviation,1H,12H,spearman,design,113,0.04251600500470332,0.231070471722007,0.050476630967548855,False
realistic,mean_reversion,bollinger_deviation,1H,1D,spearman,design,113,0.01801716028749646,0.21943019621853913,0.38275628467224654,False
realistic,mean_reversion,bollinger_deviation,1H,3D,spearman,design,113,-0.007907065947012239,0.22179389553645018,0.7047100366031231,False
realistic,mean_reversion,bollinger_deviation,1H,7D,spearman,design,113,-0.016974894289341257,0.23776711873212386,0.44790197486084105,False
realistic,mean_reversion,bollinger_deviation,1H,14D,spearman,design,113,-0.048649963012685274,0.22885396595287313,0.02383583477030538,False
realistic,mean_reversion,bollinger_deviation,1H,30D,spearman,design,113,-0.02327027224490168,0.2545741935926397,0.33120637869226177,False
realistic,mean_reversion,bollinger_deviation,1H,1H,spearman,validation,83,-0.001854032672041553,0.24913341183586718,0.9459454949963928,False
realistic,mean_reversion,bollinger_deviation,1H,1H,pearson,validation,83,-0.00756805349098402,0.25270972005422476,0.7849794691482886,False
realistic,mean_reversion,bollinger_deviation,1H,4H,spearman,validation,83,-0.00021439140018721656,0.24519569175095662,0.9936442173045997,False
realistic,mean_reversion,bollinger_deviation,1H,12H,spearman,validation,83,0.032898511338587434,0.23771321379220167,0.2073644162375864,False
realistic,mean_reversion,bollinger_deviation,1H,1D,spearman,validation,83,0.024766736117401933,0.2456162280434764,0.3582779109252955,False
realistic,mean_reversion,bollinger_deviation,1H,3D,spearman,validation,83,0.04779720385300601,0.24879561202326406,0.08007606423085262,False
realistic,mean_reversion,bollinger_deviation,1H,7D,spearman,validation,83,0.04698191261285744,0.27749089338742505,0.12295573334750923,False
realistic,mean_reversion,bollinger_deviation,1H,14D,spearman,validation,83,-0.016015943473140684,0.24220019172710272,0.5468782527278231,False
realistic,mean_reversion,bollinger_deviation,1H,30D,spearman,validation,83,0.020155811214783943,0.23026473494623745,0.4251807385484321,False
realistic,mean_reversion,bollinger_deviation,4H,1H,spearman,design,113,-0.0349055225257313,0.22191463696164543,0.09451586201890433,False
realistic,mean_reversion,bollinger_deviation,4H,4H,spearman,design,113,-0.0023306574609349992,0.21593163824697076,0.9086540253234978,False
realistic,mean_reversion,bollinger_deviation,4H,4H,pearson,design,113,0.010734389514141495,0.21770056853998204,0.6001730234869762,False
realistic,mean_reversion,bollinger_deviation,4H,12H,spearman,design,113,0.04251600500470332,0.231070471722007,0.050476630967548855,False
realistic,mean_reversion,bollinger_deviation,4H,1D,spearman,design,113,0.01801716028749646,0.21943019621853913,0.38275628467224654,False
realistic,mean_reversion,bollinger_deviation,4H,3D,spearman,design,113,-0.007907065947012239,0.22179389553645018,0.7047100366031231,False
realistic,mean_reversion,bollinger_deviation,4H,7D,spearman,design,113,-0.016974894289341257,0.23776711873212386,0.44790197486084105,False
realistic,mean_reversion,bollinger_deviation,4H,14D,spearman,design,113,-0.048649963012685274,0.22885396595287313,0.02383583477030538,False
realistic,mean_reversion,bollinger_deviation,4H,30D,spearman,design,113,-0.02327027224490168,0.2545741935926397,0.33120637869226177,False
realistic,mean_reversion,bollinger_deviation,4H,1H,spearman,validation,83,-0.001854032672041553,0.24913341183586718,0.9459454949963928,False
realistic,mean_reversion,bollinger_deviation,4H,4H,spearman,validation,83,-0.00021439140018721656,0.24519569175095662,0.9936442173045997,False
realistic,mean_reversion,bollinger_deviation,4H,4H,pearson,validation,83,-0.007221839249597991,0.2487686685422543,0.7914108502880252,False
realistic,mean_reversion,bollinger_deviation,4H,12H,spearman,validation,83,0.032898511338587434,0.23771321379220167,0.2073644162375864,False
realistic,mean_reversion,bollinger_deviation,4H,1D,spearman,validation,83,0.024766736117401933,0.2456162280434764,0.3582779109252955,False
realistic,mean_reversion,bollinger_deviation,4H,3D,spearman,validation,83,0.04779720385300601,0.24879561202326406,0.08007606423085262,False
realistic,mean_reversion,bollinger_deviation,4H,7D,spearman,validation,83,0.04698191261285744,0.27749089338742505,0.12295573334750923,False
realistic,mean_reversion,bollinger_deviation,4H,14D,spearman,validation,83,-0.016015943473140684,0.24220019172710272,0.5468782527278231,False
realistic,mean_reversion,bollinger_deviation,4H,30D,spearman,validation,83,0.020155811214783943,0.23026473494623745,0.4251807385484321,False
realistic,mean_reversion,bollinger_deviation,12H,1H,spearman,design,113,-0.03956249942920811,0.23835473879498686,0.07766322071252726,False
realistic,mean_reversion,bollinger_deviation,12H,4H,spearman,design,113,0.007207731718677221,0.2414024622580761,0.7509460860733677,False
realistic,mean_reversion,bollinger_deviation,12H,12H,spearman,design,113,0.03597404495100323,0.23326572245676064,0.10113576530790859,False
realistic,mean_reversion,bollinger_deviation,12H,12H,pearson,design,113,0.028838344716401065,0.2412220534682918,0.2037838421790933,False
realistic,mean_reversion,bollinger_deviation,12H,1D,spearman,design,113,0.010923358630830066,0.23882140835564408,0.626819653267465,False
realistic,mean_reversion,bollinger_deviation,12H,3D,spearman,design,113,-0.014868215567549806,0.21855582339565477,0.4695802688507458,False
realistic,mean_reversion,bollinger_deviation,12H,7D,spearman,design,113,-0.0032907294263769776,0.23233737427899998,0.8803220748720183,False
realistic,mean_reversion,bollinger_deviation,12H,14D,spearman,design,113,-0.013723891978775677,0.25439249655256624,0.5663251547252993,False
realistic,mean_reversion,bollinger_deviation,12H,30D,spearman,design,113,-0.02908504342584729,0.26392746655550714,0.24141730227173375,False
realistic,mean_reversion,bollinger_deviation,12H,1H,spearman,validation,83,-0.0010085454600356329,0.24383952860762806,0.9699414719533468,False
realistic,mean_reversion,bollinger_deviation,12H,4H,spearman,validation,83,0.020666123139173237,0.24859501613963922,0.4488307904143367,False
realistic,mean_reversion,bollinger_deviation,12H,12H,spearman,validation,83,0.0522631880907087,0.24295345414673472,0.050019111434770155,False
realistic,mean_reversion,bollinger_deviation,12H,12H,pearson,validation,83,0.047614112010240066,0.2513049482845568,0.08432388856456341,False
realistic,mean_reversion,bollinger_deviation,12H,1D,spearman,validation,83,0.04906543467101487,0.22777278427037234,0.04970261834218203,False
realistic,mean_reversion,bollinger_deviation,12H,3D,spearman,validation,83,0.04089440468641484,0.22360371051102565,0.09567603013308035,False
realistic,mean_reversion,bollinger_deviation,12H,7D,spearman,validation,83,0.030727420962043665,0.22161339029520755,0.20652040440149444,False
realistic,mean_reversion,bollinger_deviation,12H,14D,spearman,validation,83,-0.0006552525893045788,0.22876972787562155,0.9791819516328446,False
realistic,mean_reversion,bollinger_deviation,12H,30D,spearman,validation,83,0.037261829271975126,0.21746493158474328,0.11851435257238188,False
realistic,mean_reversion,bollinger_deviation,1D,1H,spearman,design,113,-0.03459409846845119,0.2363923741381949,0.11979485063413577,False
realistic,mean_reversion,bollinger_deviation,1D,4H,spearman,design,113,-0.0021281404969999192,0.2650277703227753,0.9319761723521708,False
realistic,mean_reversion,bollinger_deviation,1D,12H,spearman,design,113,0.025230371608354563,0.24663202571676282,0.2768334480810163,False
realistic,mean_reversion,bollinger_deviation,1D,1D,spearman,design,113,0.00951555750385855,0.2430434829754894,0.6772724922024453,False
realistic,mean_reversion,bollinger_deviation,1D,1D,pearson,design,113,0.010002687998955232,0.24293228602253364,0.6616080360997952,False
realistic,mean_reversion,bollinger_deviation,1D,3D,spearman,design,113,-0.008107071426614426,0.2196212754554446,0.6947628108730115,False
realistic,mean_reversion,bollinger_deviation,1D,7D,spearman,design,113,-0.007417326502095953,0.23748478045088364,0.7398818978249233,False
realistic,mean_reversion,bollinger_deviation,1D,14D,spearman,design,113,-0.02555572298784441,0.23969552682758086,0.2570635609354187,False
realistic,mean_reversion,bollinger_deviation,1D,30D,spearman,design,113,-0.04574760039087829,0.2480985870854037,0.04998145515646584,False
realistic,mean_reversion,bollinger_deviation,1D,1H,spearman,validation,83,-0.016305824802971283,0.243263298932442,0.54141933616679,False
realistic,mean_reversion,bollinger_deviation,1D,4H,spearman,validation,83,-0.016251472053628053,0.2505428018279999,0.5545547574810701,False
realistic,mean_reversion,bollinger_deviation,1D,12H,spearman,validation,83,0.03668206661231391,0.2563248079202556,0.19231076800238467,False
realistic,mean_reversion,bollinger_deviation,1D,1D,spearman,validation,83,0.0406015037593985,0.23794242911035565,0.12004937344046214,False
realistic,mean_reversion,bollinger_deviation,1D,1D,pearson,validation,83,0.045377274080822434,0.23260599932825302,0.07552172232324139,False
realistic,mean_reversion,bollinger_deviation,1D,3D,spearman,validation,83,0.03795331702750853,0.24134763615218746,0.15195257427499215,False
realistic,mean_reversion,bollinger_deviation,1D,7D,spearman,validation,83,0.03758492617084881,0.21788041642061695,0.11604961888482254,False
realistic,mean_reversion,bollinger_deviation,1D,14D,spearman,validation,83,-0.0031041459069360163,0.24052918251338953,0.9064047556948798,False
realistic,mean_reversion,bollinger_deviation,1D,30D,spearman,validation,83,0.03559501162544915,0.21127542901356935,0.12480916894090617,False
realistic,mean_reversion,bollinger_deviation,3D,1H,spearman,design,113,-0.03599870316081719,0.24669539105855937,0.12085611904435041,False
realistic,mean_reversion,bollinger_deviation,3D,4H,spearman,design,113,-0.02115583075335398,0.2693844624878216,0.40381482241580724,False
realistic,mean_reversion,bollinger_deviation,3D,12H,spearman,design,113,-0.0004879129108560077,0.2592155622954364,0.9840363739952764,False
realistic,mean_reversion,bollinger_deviation,3D,1D,spearman,design,113,-0.004721590545859702,0.26661376948306337,0.8506772862578842,False
realistic,mean_reversion,bollinger_deviation,3D,3D,spearman,design,113,-0.009749353863576173,0.2256869035433286,0.6460853739915142,False
realistic,mean_reversion,bollinger_deviation,3D,3D,pearson,design,113,-0.015654472507272827,0.22184936026568525,0.45319415312800704,False
realistic,mean_reversion,bollinger_deviation,3D,7D,spearman,design,113,0.010957606144460568,0.24555126629308494,0.6352395755941882,False
realistic,mean_reversion,bollinger_deviation,3D,14D,spearman,design,113,-0.009705060412614052,0.2535121322184857,0.6840463193701044,False
realistic,mean_reversion,bollinger_deviation,3D,30D,spearman,design,113,-0.009320803309679713,0.25739199153701164,0.7002789187879094,False
realistic,mean_reversion,bollinger_deviation,3D,1H,spearman,validation,83,-0.020346045837485283,0.2426605822299388,0.4449443231943667,False
realistic,mean_reversion,bollinger_deviation,3D,4H,spearman,validation,83,-0.03747924026934806,0.22546096400807317,0.12990862978112677,False
realistic,mean_reversion,bollinger_deviation,3D,12H,spearman,validation,83,0.012640033819488477,0.2502434084183402,0.64538938617519,False
realistic,mean_reversion,bollinger_deviation,3D,1D,spearman,validation,83,0.02839629193465592,0.2383525647028969,0.2777544549414116,False
realistic,mean_reversion,bollinger_deviation,3D,3D,spearman,validation,83,0.0010689374037503438,0.22302088532639902,0.9651704511370812,False
realistic,mean_reversion,bollinger_deviation,3D,3D,pearson,validation,83,-0.005171480742587514,0.22454038139534185,0.8338034041041281,False
realistic,mean_reversion,bollinger_deviation,3D,7D,spearman,validation,83,0.003958691910499141,0.23258679163622514,0.8767723491380237,False
realistic,mean_reversion,bollinger_deviation,3D,14D,spearman,validation,83,-0.03163330011776428,0.2338921339586559,0.21788844723401002,False
realistic,mean_reversion,bollinger_deviation,3D,30D,spearman,validation,83,0.021587100280822537,0.2267691472102825,0.38579948905012573,False
realistic,mean_reversion,bollinger_deviation,7D,1H,spearman,design,113,-0.00016210489785108853,0.25117237143690435,0.9945260585578889,False
realistic,mean_reversion,bollinger_deviation,7D,4H,spearman,design,113,0.0008242234947076255,0.2562083856102016,0.9727198789996234,False
realistic,mean_reversion,bollinger_deviation,7D,12H,spearman,design,113,-0.014555421609724463,0.2583995450815057,0.5493150210272353,False
realistic,mean_reversion,bollinger_deviation,7D,1D,spearman,design,113,-0.012395088449911867,0.26792425195962066,0.6228701030808361,False
realistic,mean_reversion,bollinger_deviation,7D,3D,spearman,design,113,-0.010258271916125555,0.254360228704903,0.6681338456556627,False
realistic,mean_reversion,bollinger_deviation,7D,7D,spearman,design,113,-0.0013335981807720769,0.23927679802707638,0.9527556721502819,False
realistic,mean_reversion,bollinger_deviation,7D,7D,pearson,design,113,-0.008571585460626733,0.23343275724346305,0.6962881234330351,False
realistic,mean_reversion,bollinger_deviation,7D,14D,spearman,design,113,-0.013643752796880276,0.2261198061276591,0.5212575531982617,False
realistic,mean_reversion,bollinger_deviation,7D,30D,spearman,design,113,-0.010143428587084573,0.2387306435857535,0.6515107923679098,False
realistic,mean_reversion,bollinger_deviation,7D,1H,spearman,validation,83,-0.053350243077573446,0.24089475670432692,0.04362662665361359,False
realistic,mean_reversion,bollinger_deviation,7D,4H,spearman,validation,83,-0.055110668236857195,0.22053492182256204,0.022806795064686643,False
realistic,mean_reversion,bollinger_deviation,7D,12H,spearman,validation,83,-0.006676329377661018,0.21688962768735007,0.7791409136317159,False
realistic,mean_reversion,bollinger_deviation,7D,1D,spearman,validation,83,0.006392487242201888,0.22379477984969376,0.7946856240081503,False
realistic,mean_reversion,bollinger_deviation,7D,3D,spearman,validation,83,-0.032617688800314036,0.21282434863997376,0.16263174168713967,False
realistic,mean_reversion,bollinger_deviation,7D,7D,spearman,validation,83,-0.02920252438324727,0.23775653021823467,0.26314354573945,False
realistic,mean_reversion,bollinger_deviation,7D,7D,pearson,validation,83,-0.036875528058184816,0.2396073189864811,0.16088709784182997,False
realistic,mean_reversion,bollinger_deviation,7D,14D,spearman,validation,83,-0.06365310867530272,0.22343910610966275,0.009448881280008018,False
realistic,mean_reversion,bollinger_deviation,7D,30D,spearman,validation,83,0.011891173717426096,0.22726977282730984,0.6335937890332684,False
realistic,mean_reversion,bollinger_deviation,14D,1H,spearman,design,113,0.005423207941770089,0.2505109901173537,0.8179926240595083,False
realistic,mean_reversion,bollinger_deviation,14D,4H,spearman,design,113,-0.006437619295505812,0.24454014702204002,0.7795980118839866,False
realistic,mean_reversion,bollinger_deviation,14D,12H,spearman,design,113,-0.0014669351671735234,0.24694423151292855,0.9496496181791079,False
realistic,mean_reversion,bollinger_deviation,14D,1D,spearman,design,113,0.006557713909970141,0.26690559947650516,0.7939564436555719,False
realistic,mean_reversion,bollinger_deviation,14D,3D,spearman,design,113,0.005032557969624738,0.26929579920410723,0.842533010492529,False
realistic,mean_reversion,bollinger_deviation,14D,7D,spearman,design,113,0.0025005251285423326,0.23035016404045622,0.9081331101251544,False
realistic,mean_reversion,bollinger_deviation,14D,14D,spearman,design,113,-0.003266299533320552,0.24620155049029369,0.8878480534807083,False
realistic,mean_reversion,bollinger_deviation,14D,14D,pearson,design,113,-0.019032402775966725,0.23307076356991738,0.38536663160232465,False
realistic,mean_reversion,bollinger_deviation,14D,30D,spearman,design,113,-0.012368832022795146,0.24732498588872368,0.5949903892835152,False
realistic,mean_reversion,bollinger_deviation,14D,1H,spearman,validation,83,-0.05154452396050367,0.22535881649044046,0.03718229647223214,False
realistic,mean_reversion,bollinger_deviation,14D,4H,spearman,validation,83,-0.03721049611981761,0.22011419757847311,0.12352947199663859,False
realistic,mean_reversion,bollinger_deviation,14D,12H,spearman,validation,83,-0.010674276051574718,0.21181647704624457,0.6461544294362671,False
realistic,mean_reversion,bollinger_deviation,14D,1D,spearman,validation,83,0.0008183108373342956,0.23196642846193338,0.9743612106027034,False
realistic,mean_reversion,bollinger_deviation,14D,3D,spearman,validation,83,-0.04697587341848596,0.22703632415807445,0.05942561370714077,False
realistic,mean_reversion,bollinger_deviation,14D,7D,spearman,validation,83,-0.07680647401636621,0.23497717108676136,0.0029022355914283334,False
realistic,mean_reversion,bollinger_deviation,14D,14D,spearman,validation,83,-0.04588579883443549,0.20316936992510387,0.039629385093528736,False
realistic,mean_reversion,bollinger_deviation,14D,14D,pearson,validation,83,-0.06721755826207372,0.2173280725613849,0.004835803713450579,False
realistic,mean_reversion,bollinger_deviation,14D,30D,spearman,validation,83,0.009297339734879369,0.21064113539235269,0.6875964734195328,False
realistic,mean_reversion,bollinger_deviation,30D,1H,spearman,design,113,-0.0020843036795528606,0.23673537949885423,0.9254335520584575,False
realistic,mean_reversion,bollinger_deviation,30D,4H,spearman,design,113,0.004285505538964542,0.23267760186913203,0.844775879386223,False
realistic,mean_reversion,bollinger_deviation,30D,12H,spearman,design,113,0.009475830388047154,0.2308989255329525,0.6626559751652384,False
realistic,mean_reversion,bollinger_deviation,30D,1D,spearman,design,113,0.015448596765208178,0.26771281848117545,0.5395975808243882,False
realistic,mean_reversion,bollinger_deviation,30D,3D,spearman,design,113,0.018491145876142725,0.2646109184201156,0.45757854984362745,False
realistic,mean_reversion,bollinger_deviation,30D,7D,spearman,design,113,0.0029149200434715116,0.20745343170271402,0.8812666042964482,False
realistic,mean_reversion,bollinger_deviation,30D,14D,spearman,design,113,-0.00035389097418194213,0.19653119471726763,0.9847281814613155,False
realistic,mean_reversion,bollinger_deviation,30D,30D,spearman,design,113,0.03850539284181302,0.2349349963325565,0.0814628894841997,False
realistic,mean_reversion,bollinger_deviation,30D,30D,pearson,design,113,0.04235124207788288,0.2328060718113281,0.0531379885721493,False
realistic,mean_reversion,bollinger_deviation,30D,1H,spearman,validation,83,-0.026795905426216137,0.2248544452688157,0.277615981583325,False
realistic,mean_reversion,bollinger_deviation,30D,4H,spearman,validation,83,-0.013228855270706887,0.22086933679615475,0.5852964197335065,False
realistic,mean_reversion,bollinger_deviation,30D,12H,spearman,validation,83,0.002325089833016277,0.217522637306125,0.9224238162169978,False
realistic,mean_reversion,bollinger_deviation,30D,1D,spearman,validation,83,0.005483588489295525,0.25500990038190186,0.8446840504549931,False
realistic,mean_reversion,bollinger_deviation,30D,3D,spearman,validation,83,-0.016677235256816733,0.25033093787999994,0.5438881207904869,False
realistic,mean_reversion,bollinger_deviation,30D,7D,spearman,validation,83,-0.012709484554760397,0.26533883156623694,0.6625600752621397,False
realistic,mean_reversion,bollinger_deviation,30D,14D,spearman,validation,83,0.04300208352205816,0.21377463279560735,0.06685913091569853,False
realistic,mean_reversion,bollinger_deviation,30D,30D,spearman,validation,83,0.014796026210103575,0.18915594796271695,0.476074707293323,False
realistic,mean_reversion,bollinger_deviation,30D,30D,pearson,validation,83,0.01725752521860005,0.22111790989600422,0.47705984523449074,False
realistic,mean_reversion,short_term_reversal,1H,1H,spearman,design,113,0.027327004392814415,0.22442530495858393,0.19553663362577367,False
realistic,mean_reversion,short_term_reversal,1H,1H,pearson,design,113,0.023091447447521844,0.20631517445767797,0.23414090413214128,False
realistic,mean_reversion,short_term_reversal,1H,4H,spearman,design,113,-0.014128925906645846,0.23431147212316858,0.5215257637743728,False
realistic,mean_reversion,short_term_reversal,1H,12H,spearman,design,113,-0.031677351890919386,0.2490496964023866,0.1763500378951275,False
realistic,mean_reversion,short_term_reversal,1H,1D,spearman,design,113,-0.012229787117455272,0.21558896754993004,0.5464955043548578,False
realistic,mean_reversion,short_term_reversal,1H,3D,spearman,design,113,-0.0025350009589303855,0.23263285289643829,0.907781937188626,False
realistic,mean_reversion,short_term_reversal,1H,7D,spearman,design,113,0.003214014995844635,0.23707455526471108,0.8854114969446881,False
realistic,mean_reversion,short_term_reversal,1H,14D,spearman,design,113,0.023094240024840864,0.22409098230176938,0.2732908697025739,False
realistic,mean_reversion,short_term_reversal,1H,30D,spearman,design,113,0.01354238015653397,0.25440143714476937,0.5714839351310632,False
realistic,mean_reversion,short_term_reversal,1H,1H,spearman,validation,83,0.021197572243862668,0.2432401209421692,0.4272279387854093,False
realistic,mean_reversion,short_term_reversal,1H,1H,pearson,validation,83,0.017005100102134865,0.2394613738104551,0.517652684186662,False
realistic,mean_reversion,short_term_reversal,1H,4H,spearman,validation,83,0.012830268442189815,0.22313053114500966,0.6003754551907492,False
realistic,mean_reversion,short_term_reversal,1H,12H,spearman,validation,83,-0.027354530905577195,0.21478966765381924,0.24594338731016296,False
realistic,mean_reversion,short_term_reversal,1H,1D,spearman,validation,83,-0.05350424253404595,0.2513358152060983,0.052449664769405616,False
realistic,mean_reversion,short_term_reversal,1H,3D,spearman,validation,83,-0.0610955098589848,0.26179552784676535,0.033493944127795654,False
realistic,mean_reversion,short_term_reversal,1H,7D,spearman,validation,83,-0.05814838300570704,0.2703578989206674,0.050058294009378994,False
realistic,mean_reversion,short_term_reversal,1H,14D,spearman,validation,83,-0.00648911435214542,0.2175379404351986,0.7858046736802596,False
realistic,mean_reversion,short_term_reversal,1H,30D,spearman,validation,83,0.005827822568469367,0.2163728338559389,0.8061606946490142,False
realistic,mean_reversion,short_term_reversal,4H,1H,spearman,design,113,0.0441957313899011,0.2402648265685316,0.05053920084765312,False
realistic,mean_reversion,short_term_reversal,4H,4H,spearman,design,113,0.010097080285304618,0.23469765295528391,0.6474364477531919,False
realistic,mean_reversion,short_term_reversal,4H,4H,pearson,design,113,0.0014631833334958662,0.2240440447346602,0.9446527708535166,False
realistic,mean_reversion,short_term_reversal,4H,12H,spearman,design,113,-0.017378786633423744,0.24717209781464752,0.4548157732047162,False
realistic,mean_reversion,short_term_reversal,4H,1D,spearman,design,113,0.0007495639149931001,0.2302339139962354,0.9723921891901258,False
realistic,mean_reversion,short_term_reversal,4H,3D,spearman,design,113,0.01272957249970319,0.21669400899164368,0.5323241048463784,False
realistic,mean_reversion,short_term_reversal,4H,7D,spearman,design,113,0.002940948153830696,0.23877603170206108,0.8958314713182306,False
realistic,mean_reversion,short_term_reversal,4H,14D,spearman,design,113,0.02253532060239092,0.26077142050792856,0.35828653862591286,False
realistic,mean_reversion,short_term_reversal,4H,30D,spearman,design,113,0.016085372201978126,0.2816919343857503,0.5438442030424682,False
realistic,mean_reversion,short_term_reversal,4H,1H,spearman,validation,83,-0.022553371380257873,0.242247476278279,0.3963342226171205,False
realistic,mean_reversion,short_term_reversal,4H,4H,spearman,validation,83,-0.025657517287193888,0.2467398443159313,0.3434560928499507,False
realistic,mean_reversion,short_term_reversal,4H,4H,pearson,validation,83,-0.02499752737815414,0.24411591752407827,0.35086615912213914,False
realistic,mean_reversion,short_term_reversal,4H,12H,spearman,validation,83,-0.04202071443669414,0.23617167805136757,0.10502432447042917,False
realistic,mean_reversion,short_term_reversal,4H,1D,spearman,validation,83,-0.030600597880242778,0.22797719631288452,0.2213817168174671,False
realistic,mean_reversion,short_term_reversal,4H,3D,spearman,validation,83,-0.03125283087236162,0.2474889476546703,0.24995328720178323,False
realistic,mean_reversion,short_term_reversal,4H,7D,spearman,validation,83,-0.01869734577407374,0.24718063823888195,0.49073806783354434,False
realistic,mean_reversion,short_term_reversal,4H,14D,spearman,validation,83,0.02367062233897998,0.23873495719997517,0.3663659280991035,False
realistic,mean_reversion,short_term_reversal,4H,30D,spearman,validation,83,-0.01799679922698312,0.236008562343964,0.48723404370082934,False
realistic,mean_reversion,short_term_reversal,12H,1H,spearman,design,113,0.02111016740184663,0.24033667723389193,0.35045479614408825,False
realistic,mean_reversion,short_term_reversal,12H,4H,spearman,design,113,-0.011163776176516253,0.2586051147279507,0.6463096404360786,False
realistic,mean_reversion,short_term_reversal,12H,12H,spearman,design,113,-0.01903134332447465,0.2455089187418872,0.4099242704624043,False
realistic,mean_reversion,short_term_reversal,12H,12H,pearson,design,113,-0.018968854415990093,0.25722091483043763,0.4330846152529335,False
realistic,mean_reversion,short_term_reversal,12H,1D,spearman,design,113,-0.01172771856763199,0.2486725460840731,0.6161379023524953,False
realistic,mean_reversion,short_term_reversal,12H,3D,spearman,design,113,0.0017103208307076893,0.21151058319848678,0.9315000561569116,False
realistic,mean_reversion,short_term_reversal,12H,7D,spearman,design,113,-0.003498725992492941,0.2301546340824462,0.8716243523299466,False
realistic,mean_reversion,short_term_reversal,12H,14D,spearman,design,113,0.005023653616080807,0.2460402289019596,0.8281721071136262,False
realistic,mean_reversion,short_term_reversal,12H,30D,spearman,design,113,0.04476081536480452,0.2583433925005344,0.06550603357876457,False
realistic,mean_reversion,short_term_reversal,12H,1H,spearman,validation,83,0.009668750188724824,0.2343053130158984,0.7069558956806388,False
realistic,mean_reversion,short_term_reversal,12H,4H,spearman,validation,83,0.018452758402029167,0.2329447217672683,0.4704883821956479,False
realistic,mean_reversion,short_term_reversal,12H,12H,spearman,validation,83,-0.04781834103330616,0.23719181465426364,0.06625692670476716,False
realistic,mean_reversion,short_term_reversal,12H,12H,pearson,validation,83,-0.04341884815067165,0.2493960098342497,0.11271888141665791,False
realistic,mean_reversion,short_term_reversal,12H,1D,spearman,validation,83,-0.045248663828245314,0.22679028738115817,0.06911118387507016,False
realistic,mean_reversion,short_term_reversal,12H,3D,spearman,validation,83,-0.02038832019808558,0.2461799016836878,0.4505400212611993,False
realistic,mean_reversion,short_term_reversal,12H,7D,spearman,validation,83,-0.016562490563758792,0.21646531934832053,0.4857590164530694,False
realistic,mean_reversion,short_term_reversal,12H,14D,spearman,validation,83,-0.014110577648941627,0.2255100448992056,0.5686393369887159,False
realistic,mean_reversion,short_term_reversal,12H,30D,spearman,validation,83,-0.02292780143128906,0.2231320035918695,0.3492024528115091,False
realistic,mean_reversion,short_term_reversal,1D,1H,spearman,design,113,0.02719960364210891,0.2508626358008088,0.24908855210898972,False
realistic,mean_reversion,short_term_reversal,1D,4H,spearman,design,113,0.007863457446322731,0.2690657837070814,0.7560542406212951,False
realistic,mean_reversion,short_term_reversal,1D,12H,spearman,design,113,-0.030885092742266914,0.24402148334636647,0.17848745094579288,False
realistic,mean_reversion,short_term_reversal,1D,1D,spearman,design,113,-0.02267596372503356,0.25285149971073434,0.34042714151460607,False
realistic,mean_reversion,short_term_reversal,1D,1D,pearson,design,113,-0.01887549146307571,0.25239624019790785,0.4266268336297899,False
realistic,mean_reversion,short_term_reversal,1D,3D,spearman,design,113,-0.012183438815675306,0.2323439996841344,0.5772447997167982,False
realistic,mean_reversion,short_term_reversal,1D,7D,spearman,design,113,-0.0017087226134049338,0.2387499787732645,0.9393558777394035,False
realistic,mean_reversion,short_term_reversal,1D,14D,spearman,design,113,0.014256554974108883,0.23656030622539648,0.5217586279444174,False
realistic,mean_reversion,short_term_reversal,1D,30D,spearman,design,113,0.025607550891805244,0.24780026033074184,0.27198020515391474,False
realistic,mean_reversion,short_term_reversal,1D,1H,spearman,validation,83,0.021466316393393123,0.2383819201037812,0.41199069155340906,False
realistic,mean_reversion,short_term_reversal,1D,4H,spearman,validation,83,0.04648971827158257,0.24672542523704902,0.08604292664494625,False
realistic,mean_reversion,short_term_reversal,1D,12H,spearman,validation,83,-0.0004861551469034058,0.24392335242566746,0.9855130570010829,False
realistic,mean_reversion,short_term_reversal,1D,1D,spearman,validation,83,-0.018072289156626516,0.21958540667855997,0.4533717341335637,False
realistic,mean_reversion,short_term_reversal,1D,1D,pearson,validation,83,-0.020619793607197467,0.2167513136357371,0.38611425260226284,False
realistic,mean_reversion,short_term_reversal,1D,3D,spearman,validation,83,-0.006869583597548084,0.2261646374918478,0.7819930539446039,False
realistic,mean_reversion,short_term_reversal,1D,7D,spearman,validation,83,0.006929975541262794,0.22632538986492978,0.780277722284006,False
realistic,mean_reversion,short_term_reversal,1D,14D,spearman,validation,83,0.04305039707702992,0.22593490666099952,0.08257574242113971,False
realistic,mean_reversion,short_term_reversal,1D,30D,spearman,validation,83,-0.015366730078207564,0.21943911337658537,0.5234872683995822,False
realistic,mean_reversion,short_term_reversal,3D,1H,spearman,design,113,-0.029861777034987266,0.2775945037808188,0.25282249093524856,False
realistic,mean_reversion,short_term_reversal,3D,4H,spearman,design,113,-0.021660182470752628,0.2663735786627291,0.387373188928249,False
realistic,mean_reversion,short_term_reversal,3D,12H,spearman,design,113,-0.005219321077289795,0.2422727609562363,0.8188635206294843,False
realistic,mean_reversion,short_term_reversal,3D,1D,spearman,design,113,0.0023162735052101907,0.2585624687741313,0.9241339197140253,False
realistic,mean_reversion,short_term_reversal,3D,3D,spearman,design,113,0.011687078184790457,0.24053012068038904,0.6055007744853249,False
realistic,mean_reversion,short_term_reversal,3D,3D,pearson,design,113,0.00990247146469725,0.24665617855008098,0.6695490499349188,False
realistic,mean_reversion,short_term_reversal,3D,7D,spearman,design,113,0.004982328282966659,0.2336864959652545,0.8207031246520583,False
realistic,mean_reversion,short_term_reversal,3D,14D,spearman,design,113,0.01844434094084769,0.2423866203586436,0.41857386407391495,False
realistic,mean_reversion,short_term_reversal,3D,30D,spearman,design,113,0.030225713946500813,0.24176477528173582,0.1838502076017734,False
realistic,mean_reversion,short_term_reversal,3D,1H,spearman,validation,83,0.02701029682640335,0.23924907688034225,0.3036992853124436,False
realistic,mean_reversion,short_term_reversal,3D,4H,spearman,validation,83,0.03771174925264969,0.23279600352916957,0.13998600446516818,False
realistic,mean_reversion,short_term_reversal,3D,12H,spearman,validation,83,0.0012863484011232885,0.24093194908465015,0.9612053267648657,False
realistic,mean_reversion,short_term_reversal,3D,1D,spearman,validation,83,-0.005480568892109791,0.219770019103976,0.8202731437063118,False
realistic,mean_reversion,short_term_reversal,3D,3D,spearman,validation,83,0.03524775794908959,0.1964599151028861,0.10214469432064728,False
realistic,mean_reversion,short_term_reversal,3D,3D,pearson,validation,83,0.03428917224986991,0.20993200613835294,0.13673782799012135,False
realistic,mean_reversion,short_term_reversal,3D,7D,spearman,validation,83,0.025950418214210222,0.23977404572671582,0.32412829850178015,False
realistic,mean_reversion,short_term_reversal,3D,14D,spearman,validation,83,0.06878642389105295,0.2137110166702568,0.0033641424874602853,False
realistic,mean_reversion,short_term_reversal,3D,30D,spearman,validation,83,0.0022163843343297996,0.21700845902008514,0.9258653579393439,False
realistic,mean_reversion,short_term_reversal,7D,1H,spearman,design,113,-0.01072175493392513,0.25139623439611797,0.6502871819902698,False
realistic,mean_reversion,short_term_reversal,7D,4H,spearman,design,113,-0.018695946007653175,0.23081689688192097,0.3892206627399958,False
realistic,mean_reversion,short_term_reversal,7D,12H,spearman,design,113,-0.00746983935632939,0.24279228736063352,0.7436292458858211,False
realistic,mean_reversion,short_term_reversal,7D,1D,spearman,design,113,-0.006911833200909611,0.26642229954337143,0.7827174697626087,False
realistic,mean_reversion,short_term_reversal,7D,3D,spearman,design,113,-0.011188434386330213,0.278731864633726,0.6695983672319892,False
realistic,mean_reversion,short_term_reversal,7D,7D,spearman,design,113,0.00610838653113784,0.24019931454955545,0.7869065194941784,False
realistic,mean_reversion,short_term_reversal,7D,7D,pearson,design,113,0.008992799335939819,0.2372010183342118,0.6869396714361193,False
realistic,mean_reversion,short_term_reversal,7D,14D,spearman,design,113,0.01902928847365681,0.21347661531559486,0.34334822621392347,False
realistic,mean_reversion,short_term_reversal,7D,30D,spearman,design,113,0.020291423509319895,0.23416007756631652,0.35696267708694174,False
realistic,mean_reversion,short_term_reversal,7D,1H,spearman,validation,83,0.0746233052510795,0.23967450684114608,0.00456026790812509,False
realistic,mean_reversion,short_term_reversal,7D,4H,spearman,validation,83,0.03439925113989794,0.2280523361326461,0.16937609994807934,False
realistic,mean_reversion,short_term_reversal,7D,12H,spearman,validation,83,0.03645861642056949,0.21608883913570162,0.12426468883534074,False
realistic,mean_reversion,short_term_reversal,7D,1D,spearman,validation,83,0.020170909200712624,0.22410350484227154,0.41221393341979395,False
realistic,mean_reversion,short_term_reversal,7D,3D,spearman,validation,83,0.04106954132318749,0.23628190015247416,0.11329893043637698,False
realistic,mean_reversion,short_term_reversal,7D,7D,spearman,validation,83,0.07576169339010176,0.2174091365418014,0.0014996036974184676,False
realistic,mean_reversion,short_term_reversal,7D,7D,pearson,validation,83,0.06863277701631695,0.24581591357315052,0.010969493032882215,False
realistic,mean_reversion,short_term_reversal,7D,14D,spearman,validation,83,0.08075610713530813,0.19142465385555918,0.00012133722895399309,True
realistic,mean_reversion,short_term_reversal,7D,30D,spearman,validation,83,0.011036627713862976,0.19969502710607684,0.6146056787956924,False
realistic,mean_reversion,short_term_reversal,14D,1H,spearman,design,113,-0.021820689151300945,0.2316556123256167,0.31668107773149834,False
realistic,mean_reversion,short_term_reversal,14D,4H,spearman,design,113,-0.00465058403426578,0.23503926652489676,0.8334082048795872,False
realistic,mean_reversion,short_term_reversal,14D,12H,spearman,design,113,-0.008378540051325606,0.23962944158186972,0.7101322623920228,False
realistic,mean_reversion,short_term_reversal,14D,1D,spearman,design,113,-0.00012192114852461223,0.2533929812868033,0.995919044551787,False
realistic,mean_reversion,short_term_reversal,14D,3D,spearman,design,113,-0.016035827465592675,0.2638460865913433,0.5182336719134328,False
realistic,mean_reversion,short_term_reversal,14D,7D,spearman,design,113,0.019211256929413584,0.20018625452163039,0.30766098667903774,False
realistic,mean_reversion,short_term_reversal,14D,14D,spearman,design,113,0.027294583413244197,0.2043984538264112,0.15575073645691304,False
realistic,mean_reversion,short_term_reversal,14D,14D,pearson,design,113,0.03289253916295093,0.20378202962802544,0.08619570635962048,False
realistic,mean_reversion,short_term_reversal,14D,30D,spearman,design,113,0.06308848644255094,0.1846910661418549,0.0002821679594016182,True
realistic,mean_reversion,short_term_reversal,14D,1H,spearman,validation,83,0.042186792281909594,0.22768874122541838,0.09141007070602283,False
realistic,mean_reversion,short_term_reversal,14D,4H,spearman,validation,83,-5.435274934323253e-05,0.24581225151861671,0.9983927005124553,False
realistic,mean_reversion,short_term_reversal,14D,12H,spearman,validation,83,0.029133073647975363,0.23860476971799005,0.2659824396860302,False
realistic,mean_reversion,short_term_reversal,14D,1D,spearman,validation,83,0.02275870398888788,0.2620971856922976,0.42889325878679596,False
realistic,mean_reversion,short_term_reversal,14D,3D,spearman,validation,83,0.08025787359966179,0.25895912255427134,0.004749501933746825,False
realistic,mean_reversion,short_term_reversal,14D,7D,spearman,validation,83,0.08637255790077603,0.2521983226654094,0.0018077148600912927,False
realistic,mean_reversion,short_term_reversal,14D,14D,spearman,validation,83,-0.014524262463387382,0.23246246945833424,0.5692067281787383,False
realistic,mean_reversion,short_term_reversal,14D,14D,pearson,validation,83,0.012477466352687589,0.22878202532739106,0.6192801009173812,False
realistic,mean_reversion,short_term_reversal,14D,30D,spearman,validation,83,0.02098620044086119,0.23858703952064264,0.4229250230555347,False
realistic,mean_reversion,short_term_reversal,30D,1H,spearman,design,113,-0.018303012867932456,0.23372850529960668,0.40516367697571365,False
realistic,mean_reversion,short_term_reversal,30D,4H,spearman,design,113,-0.006361361498488546,0.2660620931255668,0.7993723617251691,False
realistic,mean_reversion,short_term_reversal,30D,12H,spearman,design,113,0.005664538754486427,0.2387829814783112,0.8009065305634255,False
realistic,mean_reversion,short_term_reversal,30D,1D,spearman,design,113,0.010665132378056021,0.23771675683152121,0.6334189799384562,False
realistic,mean_reversion,short_term_reversal,30D,3D,spearman,design,113,0.030844908992940446,0.24594056357745536,0.18246895295631937,False
realistic,mean_reversion,short_term_reversal,30D,7D,spearman,design,113,0.028503748961158752,0.19801329358247688,0.12596839879168586,False
realistic,mean_reversion,short_term_reversal,30D,14D,spearman,design,113,0.03519137510616729,0.2064727536392404,0.07001552277920735,False
realistic,mean_reversion,short_term_reversal,30D,30D,spearman,design,113,0.027979762002611944,0.23712900438853007,0.20973598761083112,False
realistic,mean_reversion,short_term_reversal,30D,30D,pearson,design,113,0.013225460046753226,0.251644410310347,0.5763804849288847,False
realistic,mean_reversion,short_term_reversal,30D,1H,spearman,validation,83,0.024591599480629278,0.2292463984720259,0.3284257731187151,False
realistic,mean_reversion,short_term_reversal,30D,4H,spearman,validation,83,0.011552978832623729,0.2201961884576757,0.6326538633510269,False
realistic,mean_reversion,short_term_reversal,30D,12H,spearman,validation,83,0.00847902889754507,0.22197015174921922,0.7278333600211214,False
realistic,mean_reversion,short_term_reversal,30D,1D,spearman,validation,83,-0.006721623335447051,0.24438273242054062,0.8021404982323745,False
realistic,mean_reversion,short_term_reversal,30D,3D,spearman,validation,83,-0.011779448621553886,0.233794063257056,0.6462206229581549,False
realistic,mean_reversion,short_term_reversal,30D,7D,spearman,validation,83,0.016290726817042613,0.23569547440333405,0.5288960345270068,False
realistic,mean_reversion,short_term_reversal,30D,14D,spearman,validation,83,0.004429749071473867,0.21572029413716007,0.8515979741993385,False
realistic,mean_reversion,short_term_reversal,30D,30D,spearman,validation,83,0.09538605550019627,0.20364888259381095,1.9795122384672305e-05,True
realistic,mean_reversion,short_term_reversal,30D,30D,pearson,validation,83,0.09158435179218417,0.21255918244789015,8.659700863263077e-05,True
realistic,mean_reversion,medium_term_reversal,1H,1H,spearman,design,113,0.027327004392814415,0.22442530495858393,0.19553663362577367,False
realistic,mean_reversion,medium_term_reversal,1H,1H,pearson,design,113,0.023091447447521844,0.20631517445767797,0.23414090413214128,False
realistic,mean_reversion,medium_term_reversal,1H,4H,spearman,design,113,-0.014128925906645846,0.23431147212316858,0.5215257637743728,False
realistic,mean_reversion,medium_term_reversal,1H,12H,spearman,design,113,-0.031677351890919386,0.2490496964023866,0.1763500378951275,False
realistic,mean_reversion,medium_term_reversal,1H,1D,spearman,design,113,-0.012229787117455272,0.21558896754993004,0.5464955043548578,False
realistic,mean_reversion,medium_term_reversal,1H,3D,spearman,design,113,-0.0025350009589303855,0.23263285289643829,0.907781937188626,False
realistic,mean_reversion,medium_term_reversal,1H,7D,spearman,design,113,0.003214014995844635,0.23707455526471108,0.8854114969446881,False
realistic,mean_reversion,medium_term_reversal,1H,14D,spearman,design,113,0.023094240024840864,0.22409098230176938,0.2732908697025739,False
realistic,mean_reversion,medium_term_reversal,1H,30D,spearman,design,113,0.01354238015653397,0.25440143714476937,0.5714839351310632,False
realistic,mean_reversion,medium_term_reversal,1H,1H,spearman,validation,83,0.021197572243862668,0.2432401209421692,0.4272279387854093,False
realistic,mean_reversion,medium_term_reversal,1H,1H,pearson,validation,83,0.017005100102134865,0.2394613738104551,0.517652684186662,False
realistic,mean_reversion,medium_term_reversal,1H,4H,spearman,validation,83,0.012830268442189815,0.22313053114500966,0.6003754551907492,False
realistic,mean_reversion,medium_term_reversal,1H,12H,spearman,validation,83,-0.027354530905577195,0.21478966765381924,0.24594338731016296,False
realistic,mean_reversion,medium_term_reversal,1H,1D,spearman,validation,83,-0.05350424253404595,0.2513358152060983,0.052449664769405616,False
realistic,mean_reversion,medium_term_reversal,1H,3D,spearman,validation,83,-0.0610955098589848,0.26179552784676535,0.033493944127795654,False
realistic,mean_reversion,medium_term_reversal,1H,7D,spearman,validation,83,-0.05814838300570704,0.2703578989206674,0.050058294009378994,False
realistic,mean_reversion,medium_term_reversal,1H,14D,spearman,validation,83,-0.00648911435214542,0.2175379404351986,0.7858046736802596,False
realistic,mean_reversion,medium_term_reversal,1H,30D,spearman,validation,83,0.005827822568469367,0.2163728338559389,0.8061606946490142,False
realistic,mean_reversion,medium_term_reversal,4H,1H,spearman,design,113,0.0441957313899011,0.2402648265685316,0.05053920084765312,False
realistic,mean_reversion,medium_term_reversal,4H,4H,spearman,design,113,0.010097080285304618,0.23469765295528391,0.6474364477531919,False
realistic,mean_reversion,medium_term_reversal,4H,4H,pearson,design,113,0.0014631833334958662,0.2240440447346602,0.9446527708535166,False
realistic,mean_reversion,medium_term_reversal,4H,12H,spearman,design,113,-0.017378786633423744,0.24717209781464752,0.4548157732047162,False
realistic,mean_reversion,medium_term_reversal,4H,1D,spearman,design,113,0.0007495639149931001,0.2302339139962354,0.9723921891901258,False
realistic,mean_reversion,medium_term_reversal,4H,3D,spearman,design,113,0.01272957249970319,0.21669400899164368,0.5323241048463784,False
realistic,mean_reversion,medium_term_reversal,4H,7D,spearman,design,113,0.002940948153830696,0.23877603170206108,0.8958314713182306,False
realistic,mean_reversion,medium_term_reversal,4H,14D,spearman,design,113,0.02253532060239092,0.26077142050792856,0.35828653862591286,False
realistic,mean_reversion,medium_term_reversal,4H,30D,spearman,design,113,0.016085372201978126,0.2816919343857503,0.5438442030424682,False
realistic,mean_reversion,medium_term_reversal,4H,1H,spearman,validation,83,-0.022553371380257873,0.242247476278279,0.3963342226171205,False
realistic,mean_reversion,medium_term_reversal,4H,4H,spearman,validation,83,-0.025657517287193888,0.2467398443159313,0.3434560928499507,False
realistic,mean_reversion,medium_term_reversal,4H,4H,pearson,validation,83,-0.02499752737815414,0.24411591752407827,0.35086615912213914,False
realistic,mean_reversion,medium_term_reversal,4H,12H,spearman,validation,83,-0.04202071443669414,0.23617167805136757,0.10502432447042917,False
realistic,mean_reversion,medium_term_reversal,4H,1D,spearman,validation,83,-0.030600597880242778,0.22797719631288452,0.2213817168174671,False
realistic,mean_reversion,medium_term_reversal,4H,3D,spearman,validation,83,-0.03125283087236162,0.2474889476546703,0.24995328720178323,False
realistic,mean_reversion,medium_term_reversal,4H,7D,spearman,validation,83,-0.01869734577407374,0.24718063823888195,0.49073806783354434,False
realistic,mean_reversion,medium_term_reversal,4H,14D,spearman,validation,83,0.02367062233897998,0.23873495719997517,0.3663659280991035,False
realistic,mean_reversion,medium_term_reversal,4H,30D,spearman,validation,83,-0.01799679922698312,0.236008562343964,0.48723404370082934,False
realistic,mean_reversion,medium_term_reversal,12H,1H,spearman,design,113,0.02111016740184663,0.24033667723389193,0.35045479614408825,False
realistic,mean_reversion,medium_term_reversal,12H,4H,spearman,design,113,-0.011163776176516253,0.2586051147279507,0.6463096404360786,False
realistic,mean_reversion,medium_term_reversal,12H,12H,spearman,design,113,-0.01903134332447465,0.2455089187418872,0.4099242704624043,False
realistic,mean_reversion,medium_term_reversal,12H,12H,pearson,design,113,-0.018968854415990093,0.25722091483043763,0.4330846152529335,False
realistic,mean_reversion,medium_term_reversal,12H,1D,spearman,design,113,-0.01172771856763199,0.2486725460840731,0.6161379023524953,False
realistic,mean_reversion,medium_term_reversal,12H,3D,spearman,design,113,0.0017103208307076893,0.21151058319848678,0.9315000561569116,False
realistic,mean_reversion,medium_term_reversal,12H,7D,spearman,design,113,-0.003498725992492941,0.2301546340824462,0.8716243523299466,False
realistic,mean_reversion,medium_term_reversal,12H,14D,spearman,design,113,0.005023653616080807,0.2460402289019596,0.8281721071136262,False
realistic,mean_reversion,medium_term_reversal,12H,30D,spearman,design,113,0.04476081536480452,0.2583433925005344,0.06550603357876457,False
realistic,mean_reversion,medium_term_reversal,12H,1H,spearman,validation,83,0.009668750188724824,0.2343053130158984,0.7069558956806388,False
realistic,mean_reversion,medium_term_reversal,12H,4H,spearman,validation,83,0.018452758402029167,0.2329447217672683,0.4704883821956479,False
realistic,mean_reversion,medium_term_reversal,12H,12H,spearman,validation,83,-0.04781834103330616,0.23719181465426364,0.06625692670476716,False
realistic,mean_reversion,medium_term_reversal,12H,12H,pearson,validation,83,-0.04341884815067165,0.2493960098342497,0.11271888141665791,False
realistic,mean_reversion,medium_term_reversal,12H,1D,spearman,validation,83,-0.045248663828245314,0.22679028738115817,0.06911118387507016,False
realistic,mean_reversion,medium_term_reversal,12H,3D,spearman,validation,83,-0.02038832019808558,0.2461799016836878,0.4505400212611993,False
realistic,mean_reversion,medium_term_reversal,12H,7D,spearman,validation,83,-0.016562490563758792,0.21646531934832053,0.4857590164530694,False
realistic,mean_reversion,medium_term_reversal,12H,14D,spearman,validation,83,-0.014110577648941627,0.2255100448992056,0.5686393369887159,False
realistic,mean_reversion,medium_term_reversal,12H,30D,spearman,validation,83,-0.02292780143128906,0.2231320035918695,0.3492024528115091,False
realistic,mean_reversion,medium_term_reversal,1D,1H,spearman,design,113,0.02719960364210891,0.2508626358008088,0.24908855210898972,False
realistic,mean_reversion,medium_term_reversal,1D,4H,spearman,design,113,0.007863457446322731,0.2690657837070814,0.7560542406212951,False
realistic,mean_reversion,medium_term_reversal,1D,12H,spearman,design,113,-0.030885092742266914,0.24402148334636647,0.17848745094579288,False
realistic,mean_reversion,medium_term_reversal,1D,1D,spearman,design,113,-0.02267596372503356,0.25285149971073434,0.34042714151460607,False
realistic,mean_reversion,medium_term_reversal,1D,1D,pearson,design,113,-0.01887549146307571,0.25239624019790785,0.4266268336297899,False
realistic,mean_reversion,medium_term_reversal,1D,3D,spearman,design,113,-0.012183438815675306,0.2323439996841344,0.5772447997167982,False
realistic,mean_reversion,medium_term_reversal,1D,7D,spearman,design,113,-0.0017087226134049338,0.2387499787732645,0.9393558777394035,False
realistic,mean_reversion,medium_term_reversal,1D,14D,spearman,design,113,0.014256554974108883,0.23656030622539648,0.5217586279444174,False
realistic,mean_reversion,medium_term_reversal,1D,30D,spearman,design,113,0.025607550891805244,0.24780026033074184,0.27198020515391474,False
realistic,mean_reversion,medium_term_reversal,1D,1H,spearman,validation,83,0.021466316393393123,0.2383819201037812,0.41199069155340906,False
realistic,mean_reversion,medium_term_reversal,1D,4H,spearman,validation,83,0.04648971827158257,0.24672542523704902,0.08604292664494625,False
realistic,mean_reversion,medium_term_reversal,1D,12H,spearman,validation,83,-0.0004861551469034058,0.24392335242566746,0.9855130570010829,False
realistic,mean_reversion,medium_term_reversal,1D,1D,spearman,validation,83,-0.018072289156626516,0.21958540667855997,0.4533717341335637,False
realistic,mean_reversion,medium_term_reversal,1D,1D,pearson,validation,83,-0.020619793607197467,0.2167513136357371,0.38611425260226284,False
realistic,mean_reversion,medium_term_reversal,1D,3D,spearman,validation,83,-0.006869583597548084,0.2261646374918478,0.7819930539446039,False
realistic,mean_reversion,medium_term_reversal,1D,7D,spearman,validation,83,0.006929975541262794,0.22632538986492978,0.780277722284006,False
realistic,mean_reversion,medium_term_reversal,1D,14D,spearman,validation,83,0.04305039707702992,0.22593490666099952,0.08257574242113971,False
realistic,mean_reversion,medium_term_reversal,1D,30D,spearman,validation,83,-0.015366730078207564,0.21943911337658537,0.5234872683995822,False
realistic,mean_reversion,medium_term_reversal,3D,1H,spearman,design,113,-0.029861777034987266,0.2775945037808188,0.25282249093524856,False
realistic,mean_reversion,medium_term_reversal,3D,4H,spearman,design,113,-0.021660182470752628,0.2663735786627291,0.387373188928249,False
realistic,mean_reversion,medium_term_reversal,3D,12H,spearman,design,113,-0.005219321077289795,0.2422727609562363,0.8188635206294843,False
realistic,mean_reversion,medium_term_reversal,3D,1D,spearman,design,113,0.0023162735052101907,0.2585624687741313,0.9241339197140253,False
realistic,mean_reversion,medium_term_reversal,3D,3D,spearman,design,113,0.011687078184790457,0.24053012068038904,0.6055007744853249,False
realistic,mean_reversion,medium_term_reversal,3D,3D,pearson,design,113,0.00990247146469725,0.24665617855008098,0.6695490499349188,False
realistic,mean_reversion,medium_term_reversal,3D,7D,spearman,design,113,0.004982328282966659,0.2336864959652545,0.8207031246520583,False
realistic,mean_reversion,medium_term_reversal,3D,14D,spearman,design,113,0.01844434094084769,0.2423866203586436,0.41857386407391495,False
realistic,mean_reversion,medium_term_reversal,3D,30D,spearman,design,113,0.030225713946500813,0.24176477528173582,0.1838502076017734,False
realistic,mean_reversion,medium_term_reversal,3D,1H,spearman,validation,83,0.02701029682640335,0.23924907688034225,0.3036992853124436,False
realistic,mean_reversion,medium_term_reversal,3D,4H,spearman,validation,83,0.03771174925264969,0.23279600352916957,0.13998600446516818,False
realistic,mean_reversion,medium_term_reversal,3D,12H,spearman,validation,83,0.0012863484011232885,0.24093194908465015,0.9612053267648657,False
realistic,mean_reversion,medium_term_reversal,3D,1D,spearman,validation,83,-0.005480568892109791,0.219770019103976,0.8202731437063118,False
realistic,mean_reversion,medium_term_reversal,3D,3D,spearman,validation,83,0.03524775794908959,0.1964599151028861,0.10214469432064728,False
realistic,mean_reversion,medium_term_reversal,3D,3D,pearson,validation,83,0.03428917224986991,0.20993200613835294,0.13673782799012135,False
realistic,mean_reversion,medium_term_reversal,3D,7D,spearman,validation,83,0.025950418214210222,0.23977404572671582,0.32412829850178015,False
realistic,mean_reversion,medium_term_reversal,3D,14D,spearman,validation,83,0.06878642389105295,0.2137110166702568,0.0033641424874602853,False
realistic,mean_reversion,medium_term_reversal,3D,30D,spearman,validation,83,0.0022163843343297996,0.21700845902008514,0.9258653579393439,False
realistic,mean_reversion,medium_term_reversal,7D,1H,spearman,design,113,-0.01072175493392513,0.25139623439611797,0.6502871819902698,False
realistic,mean_reversion,medium_term_reversal,7D,4H,spearman,design,113,-0.018695946007653175,0.23081689688192097,0.3892206627399958,False
realistic,mean_reversion,medium_term_reversal,7D,12H,spearman,design,113,-0.00746983935632939,0.24279228736063352,0.7436292458858211,False
realistic,mean_reversion,medium_term_reversal,7D,1D,spearman,design,113,-0.006911833200909611,0.26642229954337143,0.7827174697626087,False
realistic,mean_reversion,medium_term_reversal,7D,3D,spearman,design,113,-0.011188434386330213,0.278731864633726,0.6695983672319892,False
realistic,mean_reversion,medium_term_reversal,7D,7D,spearman,design,113,0.00610838653113784,0.24019931454955545,0.7869065194941784,False
realistic,mean_reversion,medium_term_reversal,7D,7D,pearson,design,113,0.008992799335939819,0.2372010183342118,0.6869396714361193,False
realistic,mean_reversion,medium_term_reversal,7D,14D,spearman,design,113,0.01902928847365681,0.21347661531559486,0.34334822621392347,False
realistic,mean_reversion,medium_term_reversal,7D,30D,spearman,design,113,0.020291423509319895,0.23416007756631652,0.35696267708694174,False
realistic,mean_reversion,medium_term_reversal,7D,1H,spearman,validation,83,0.0746233052510795,0.23967450684114608,0.00456026790812509,False
realistic,mean_reversion,medium_term_reversal,7D,4H,spearman,validation,83,0.03439925113989794,0.2280523361326461,0.16937609994807934,False
realistic,mean_reversion,medium_term_reversal,7D,12H,spearman,validation,83,0.03645861642056949,0.21608883913570162,0.12426468883534074,False
realistic,mean_reversion,medium_term_reversal,7D,1D,spearman,validation,83,0.020170909200712624,0.22410350484227154,0.41221393341979395,False
realistic,mean_reversion,medium_term_reversal,7D,3D,spearman,validation,83,0.04106954132318749,0.23628190015247416,0.11329893043637698,False
realistic,mean_reversion,medium_term_reversal,7D,7D,spearman,validation,83,0.07576169339010176,0.2174091365418014,0.0014996036974184676,False
realistic,mean_reversion,medium_term_reversal,7D,7D,pearson,validation,83,0.06863277701631695,0.24581591357315052,0.010969493032882215,False
realistic,mean_reversion,medium_term_reversal,7D,14D,spearman,validation,83,0.08075610713530813,0.19142465385555918,0.00012133722895399309,True
realistic,mean_reversion,medium_term_reversal,7D,30D,spearman,validation,83,0.011036627713862976,0.19969502710607684,0.6146056787956924,False
realistic,mean_reversion,medium_term_reversal,14D,1H,spearman,design,113,-0.021820689151300945,0.2316556123256167,0.31668107773149834,False
realistic,mean_reversion,medium_term_reversal,14D,4H,spearman,design,113,-0.00465058403426578,0.23503926652489676,0.8334082048795872,False
realistic,mean_reversion,medium_term_reversal,14D,12H,spearman,design,113,-0.008378540051325606,0.23962944158186972,0.7101322623920228,False
realistic,mean_reversion,medium_term_reversal,14D,1D,spearman,design,113,-0.00012192114852461223,0.2533929812868033,0.995919044551787,False
realistic,mean_reversion,medium_term_reversal,14D,3D,spearman,design,113,-0.016035827465592675,0.2638460865913433,0.5182336719134328,False
realistic,mean_reversion,medium_term_reversal,14D,7D,spearman,design,113,0.019211256929413584,0.20018625452163039,0.30766098667903774,False
realistic,mean_reversion,medium_term_reversal,14D,14D,spearman,design,113,0.027294583413244197,0.2043984538264112,0.15575073645691304,False
realistic,mean_reversion,medium_term_reversal,14D,14D,pearson,design,113,0.03289253916295093,0.20378202962802544,0.08619570635962048,False
realistic,mean_reversion,medium_term_reversal,14D,30D,spearman,design,113,0.06308848644255094,0.1846910661418549,0.0002821679594016182,True
realistic,mean_reversion,medium_term_reversal,14D,1H,spearman,validation,83,0.042186792281909594,0.22768874122541838,0.09141007070602283,False
realistic,mean_reversion,medium_term_reversal,14D,4H,spearman,validation,83,-5.435274934323253e-05,0.24581225151861671,0.9983927005124553,False
realistic,mean_reversion,medium_term_reversal,14D,12H,spearman,validation,83,0.029133073647975363,0.23860476971799005,0.2659824396860302,False
realistic,mean_reversion,medium_term_reversal,14D,1D,spearman,validation,83,0.02275870398888788,0.2620971856922976,0.42889325878679596,False
realistic,mean_reversion,medium_term_reversal,14D,3D,spearman,validation,83,0.08025787359966179,0.25895912255427134,0.004749501933746825,False
realistic,mean_reversion,medium_term_reversal,14D,7D,spearman,validation,83,0.08637255790077603,0.2521983226654094,0.0018077148600912927,False
realistic,mean_reversion,medium_term_reversal,14D,14D,spearman,validation,83,-0.014524262463387382,0.23246246945833424,0.5692067281787383,False
realistic,mean_reversion,medium_term_reversal,14D,14D,pearson,validation,83,0.012477466352687589,0.22878202532739106,0.6192801009173812,False
realistic,mean_reversion,medium_term_reversal,14D,30D,spearman,validation,83,0.02098620044086119,0.23858703952064264,0.4229250230555347,False
realistic,mean_reversion,medium_term_reversal,30D,1H,spearman,design,113,-0.018303012867932456,0.23372850529960668,0.40516367697571365,False
realistic,mean_reversion,medium_term_reversal,30D,4H,spearman,design,113,-0.006361361498488546,0.2660620931255668,0.7993723617251691,False
realistic,mean_reversion,medium_term_reversal,30D,12H,spearman,design,113,0.005664538754486427,0.2387829814783112,0.8009065305634255,False
realistic,mean_reversion,medium_term_reversal,30D,1D,spearman,design,113,0.010665132378056021,0.23771675683152121,0.6334189799384562,False
realistic,mean_reversion,medium_term_reversal,30D,3D,spearman,design,113,0.030844908992940446,0.24594056357745536,0.18246895295631937,False
realistic,mean_reversion,medium_term_reversal,30D,7D,spearman,design,113,0.028503748961158752,0.19801329358247688,0.12596839879168586,False
realistic,mean_reversion,medium_term_reversal,30D,14D,spearman,design,113,0.03519137510616729,0.2064727536392404,0.07001552277920735,False
realistic,mean_reversion,medium_term_reversal,30D,30D,spearman,design,113,0.027979762002611944,0.23712900438853007,0.20973598761083112,False
realistic,mean_reversion,medium_term_reversal,30D,30D,pearson,design,113,0.013225460046753226,0.251644410310347,0.5763804849288847,False
realistic,mean_reversion,medium_term_reversal,30D,1H,spearman,validation,83,0.024591599480629278,0.2292463984720259,0.3284257731187151,False
realistic,mean_reversion,medium_term_reversal,30D,4H,spearman,validation,83,0.011552978832623729,0.2201961884576757,0.6326538633510269,False
realistic,mean_reversion,medium_term_reversal,30D,12H,spearman,validation,83,0.00847902889754507,0.22197015174921922,0.7278333600211214,False
realistic,mean_reversion,medium_term_reversal,30D,1D,spearman,validation,83,-0.006721623335447051,0.24438273242054062,0.8021404982323745,False
realistic,mean_reversion,medium_term_reversal,30D,3D,spearman,validation,83,-0.011779448621553886,0.233794063257056,0.6462206229581549,False
realistic,mean_reversion,medium_term_reversal,30D,7D,spearman,validation,83,0.016290726817042613,0.23569547440333405,0.5288960345270068,False
realistic,mean_reversion,medium_term_reversal,30D,14D,spearman,validation,83,0.004429749071473867,0.21572029413716007,0.8515979741993385,False
realistic,mean_reversion,medium_term_reversal,30D,30D,spearman,validation,83,0.09538605550019627,0.20364888259381095,1.9795122384672305e-05,True
realistic,mean_reversion,medium_term_reversal,30D,30D,pearson,validation,83,0.09158435179218417,0.21255918244789015,8.659700863263077e-05,True
realistic,volume,volume_acceleration,1H,1H,spearman,design,113,-0.008671698768002783,0.2405043566282375,0.7015093537890185,False
realistic,volume,volume_acceleration,1H,1H,pearson,design,113,-0.019662284572942047,0.2447435825895257,0.39310061440900523,False
realistic,volume,volume_acceleration,1H,4H,spearman,design,113,-0.00320442569202809,0.21697876242555159,0.8752526695112157,False
realistic,volume,volume_acceleration,1H,12H,spearman,design,113,0.004962464725060958,0.2552782391504064,0.8362878728775905,False
realistic,volume,volume_acceleration,1H,1D,spearman,design,113,0.012062887567695921,0.24534720762528175,0.6012191561045054,False
realistic,volume,volume_acceleration,1H,3D,spearman,design,113,0.007262984374001116,0.23635882127940594,0.7439327049214948,False
realistic,volume,volume_acceleration,1H,7D,spearman,design,113,-0.006996310401198209,0.25453824453803325,0.7701465532079321,False
realistic,volume,volume_acceleration,1H,14D,spearman,design,113,-0.020825228088440777,0.2311466678729035,0.33820086064874466,False
realistic,volume,volume_acceleration,1H,30D,spearman,design,113,-0.008190863676630406,0.25891018700704893,0.7366487873260448,False
realistic,volume,volume_acceleration,1H,1H,spearman,validation,83,-0.03391611559018026,0.20754793839984045,0.13654873912663432,False
realistic,volume,volume_acceleration,1H,1H,pearson,validation,83,-0.031117278921278017,0.20823958932007278,0.17339561914684853,False
realistic,volume,volume_acceleration,1H,4H,spearman,validation,83,-0.003635595011625444,0.23060353659296176,0.8857917562089326,False
realistic,volume,volume_acceleration,1H,12H,spearman,validation,83,0.037165202162031584,0.235193345863021,0.149972457271987,False
realistic,volume,volume_acceleration,1H,1D,spearman,validation,83,-0.004804179122505052,0.24420207916432413,0.8577576996428502,False
realistic,volume,volume_acceleration,1H,3D,spearman,validation,83,-0.0050819820635927115,0.25497464710032336,0.8559099950927871,False
realistic,volume,volume_acceleration,1H,7D,spearman,validation,83,0.033378627291119366,0.2324811963667487,0.19086110969024606,False
realistic,volume,volume_acceleration,1H,14D,spearman,validation,83,0.01750762448289398,0.24154905836062127,0.5090421878172462,False
realistic,volume,volume_acceleration,1H,30D,spearman,validation,83,0.006181115439200413,0.22980085300565553,0.806417910222882,False
realistic,volume,volume_acceleration,4H,1H,spearman,design,113,-0.008671698768002783,0.2405043566282375,0.7015093537890185,False
realistic,volume,volume_acceleration,4H,4H,spearman,design,113,-0.00320442569202809,0.21697876242555159,0.8752526695112157,False
realistic,volume,volume_acceleration,4H,4H,pearson,design,113,-0.012181163819214339,0.22851722281659775,0.5709571619924336,False
realistic,volume,volume_acceleration,4H,12H,spearman,design,113,0.004962464725060958,0.2552782391504064,0.8362878728775905,False
realistic,volume,volume_acceleration,4H,1D,spearman,design,113,0.012062887567695921,0.24534720762528175,0.6012191561045054,False
realistic,volume,volume_acceleration,4H,3D,spearman,design,113,0.007262984374001116,0.23635882127940594,0.7439327049214948,False
realistic,volume,volume_acceleration,4H,7D,spearman,design,113,-0.006996310401198209,0.25453824453803325,0.7701465532079321,False
realistic,volume,volume_acceleration,4H,14D,spearman,design,113,-0.020825228088440777,0.2311466678729035,0.33820086064874466,False
realistic,volume,volume_acceleration,4H,30D,spearman,design,113,-0.008190863676630406,0.25891018700704893,0.7366487873260448,False
realistic,volume,volume_acceleration,4H,1H,spearman,validation,83,-0.03391611559018026,0.20754793839984045,0.13654873912663432,False
realistic,volume,volume_acceleration,4H,4H,spearman,validation,83,-0.003635595011625444,0.23060353659296176,0.8857917562089326,False
realistic,volume,volume_acceleration,4H,4H,pearson,validation,83,-0.008837234721524617,0.2313947782196969,0.727886734573536,False
realistic,volume,volume_acceleration,4H,12H,spearman,validation,83,0.037165202162031584,0.235193345863021,0.149972457271987,False
realistic,volume,volume_acceleration,4H,1D,spearman,validation,83,-0.004804179122505052,0.24420207916432413,0.8577576996428502,False
realistic,volume,volume_acceleration,4H,3D,spearman,validation,83,-0.0050819820635927115,0.25497464710032336,0.8559099950927871,False
realistic,volume,volume_acceleration,4H,7D,spearman,validation,83,0.033378627291119366,0.2324811963667487,0.19086110969024606,False
realistic,volume,volume_acceleration,4H,14D,spearman,validation,83,0.01750762448289398,0.24154905836062127,0.5090421878172462,False
realistic,volume,volume_acceleration,4H,30D,spearman,validation,83,0.006181115439200413,0.22980085300565553,0.806417910222882,False
realistic,volume,volume_acceleration,12H,1H,spearman,design,113,0.006794706704293266,0.2250036778642876,0.7482018279607825,False
realistic,volume,volume_acceleration,12H,4H,spearman,design,113,0.01344397563403564,0.21216491701932916,0.5005742460786238,False
realistic,volume,volume_acceleration,12H,12H,spearman,design,113,0.008878097116815994,0.24567969111715707,0.700874473665324,False
realistic,volume,volume_acceleration,12H,12H,pearson,design,113,-0.009855932612115198,0.24238459104791063,0.6655619376378604,False
realistic,volume,volume_acceleration,12H,1D,spearman,design,113,0.006033498634665784,0.23017325707135228,0.7805161310324416,False
realistic,volume,volume_acceleration,12H,3D,spearman,design,113,0.029199886754888264,0.23579820166793486,0.1880479299956883,False
realistic,volume,volume_acceleration,12H,7D,spearman,design,113,0.009120797830077534,0.26606246690094126,0.7155530273102335,False
realistic,volume,volume_acceleration,12H,14D,spearman,design,113,-0.0021557668246618617,0.2385128464567766,0.9234576968156916,False
realistic,volume,volume_acceleration,12H,30D,spearman,design,113,-0.0026585203247577564,0.24336571832918155,0.9075547305856325,False
realistic,volume,volume_acceleration,12H,1H,spearman,validation,83,-0.02643959295829935,0.21575492509637054,0.2642363640953139,False
realistic,volume,volume_acceleration,12H,4H,spearman,validation,83,-0.001389014705438298,0.2273618406934239,0.955614185572409,False
realistic,volume,volume_acceleration,12H,12H,spearman,validation,83,-0.0014433674547815242,0.24484753790664524,0.9571696579760525,False
realistic,volume,volume_acceleration,12H,12H,pearson,validation,83,-0.005685060167876724,0.23761496671329385,0.827451080039141,False
realistic,volume,volume_acceleration,12H,1D,spearman,validation,83,-0.018401425249871668,0.2469411164134761,0.4972098513103429,False
realistic,volume,volume_acceleration,12H,3D,spearman,validation,83,0.01868828698251654,0.2388962694654879,0.47603912150391803,False
realistic,volume,volume_acceleration,12H,7D,spearman,validation,83,0.06395506839387624,0.2069007679967334,0.004860676730992806,False
realistic,volume,volume_acceleration,12H,14D,spearman,validation,83,0.041966361687350906,0.23387861462049395,0.10210264496338174,False
realistic,volume,volume_acceleration,12H,30D,spearman,validation,83,0.033674547815321434,0.24699734825689343,0.21420814493117113,False
realistic,volume,volume_acceleration,1D,1H,spearman,design,113,0.0024137647606783715,0.2246214766544951,0.9090549060457174,False
realistic,volume,volume_acceleration,1D,4H,spearman,design,113,0.0146960647323671,0.21470795532801035,0.4668590433440669,False
realistic,volume,volume_acceleration,1D,12H,spearman,design,113,0.017199786295514947,0.24092239306649327,0.4479118024415847,False
realistic,volume,volume_acceleration,1D,1D,spearman,design,113,0.005193292966930599,0.23110557591611397,0.8112021188432392,False
realistic,volume,volume_acceleration,1D,1D,pearson,design,113,0.0014762687306864126,0.22698166881686713,0.9448801481159332,False
realistic,volume,volume_acceleration,1D,3D,spearman,design,113,-0.0001710092513950083,0.23786490428385282,0.9939023247270686,False
realistic,volume,volume_acceleration,1D,7D,spearman,design,113,-0.006049480807693363,0.22822234991841153,0.778117686584022,False
realistic,volume,volume_acceleration,1D,14D,spearman,design,113,-0.026327661945076117,0.23307235287212127,0.22983943948341834,False
realistic,volume,volume_acceleration,1D,30D,spearman,design,113,-0.013766815529192584,0.2460746413620445,0.5520367752296476,False
realistic,volume,volume_acceleration,1D,1H,spearman,validation,83,-0.010191140501857049,0.2447872421336674,0.7044714461804149,False
realistic,volume,volume_acceleration,1D,4H,spearman,validation,83,-0.008768910227375668,0.23088385003927664,0.7293337242140099,False
realistic,volume,volume_acceleration,1D,12H,spearman,validation,83,0.029957423679681138,0.23307194442224638,0.2416024476112022,False
realistic,volume,volume_acceleration,1D,1D,spearman,validation,83,0.012156898269770811,0.23835689572109248,0.6421758618559186,False
realistic,volume,volume_acceleration,1D,1D,pearson,validation,83,0.001812900162229885,0.23676518483789816,0.9443861398552107,False
realistic,volume,volume_acceleration,1D,3D,spearman,validation,83,0.024114503125283085,0.21540296073269777,0.3077668629349235,False
realistic,volume,volume_acceleration,1D,7D,spearman,validation,83,0.01705166530784793,0.2206921319176325,0.48148694509368517,False
realistic,volume,volume_acceleration,1D,14D,spearman,validation,83,0.009436241205423206,0.22432506972702926,0.7015487328520336,False
realistic,volume,volume_acceleration,1D,30D,spearman,validation,83,0.031210556511761328,0.18713527977927868,0.12865060706817164,False
realistic,volume,volume_acceleration,3D,1H,spearman,design,113,-0.0006335790021644447,0.25802247284771046,0.9791755657843253,False
realistic,volume,volume_acceleration,3D,4H,spearman,design,113,-0.0416860735910573,0.2632721868413519,0.09234424935506552,False
realistic,volume,volume_acceleration,3D,12H,spearman,design,113,-0.0369987305588281,0.25786986657406463,0.12721040006929094,False
realistic,volume,volume_acceleration,3D,1D,spearman,design,113,-0.02544361945989388,0.24338892730908285,0.2664546738423186,False
realistic,volume,volume_acceleration,3D,3D,spearman,design,113,0.02606943569230207,0.21700851230214518,0.20159894072470774,False
realistic,volume,volume_acceleration,3D,3D,pearson,design,113,0.015984469029705538,0.2248596141245862,0.44985355097225255,False
realistic,volume,volume_acceleration,3D,7D,spearman,design,113,-0.0031283962117683592,0.2449033959559161,0.891987697751848,False
realistic,volume,volume_acceleration,3D,14D,spearman,design,113,-0.016763701288619773,0.2587102989349969,0.4909468606370717,False
realistic,volume,volume_acceleration,3D,30D,spearman,design,113,-0.008823757728522242,0.25977152284336896,0.7180409968622501,False
realistic,volume,volume_acceleration,3D,1H,spearman,validation,83,-0.02369477911646587,0.25953792107438234,0.40555214809517104,False
realistic,volume,volume_acceleration,3D,4H,spearman,validation,83,-0.051943110789020745,0.24489751548669927,0.05331806024506199,False
realistic,volume,volume_acceleration,3D,12H,spearman,validation,83,-0.029157230425461242,0.24919107909487442,0.2864285021060924,False
realistic,volume,volume_acceleration,3D,1D,spearman,validation,83,-0.02975813026542258,0.22262647485528736,0.22330860980554823,False
realistic,volume,volume_acceleration,3D,3D,spearman,validation,83,0.003578222665096483,0.24268493276238612,0.893143935516426,False
realistic,volume,volume_acceleration,3D,3D,pearson,validation,83,0.0013812672534589045,0.2312176060182306,0.9565968184351422,False
realistic,volume,volume_acceleration,3D,7D,spearman,validation,83,-0.02197360872059668,0.23045777858471958,0.3850339598673882,False
realistic,volume,volume_acceleration,3D,14D,spearman,validation,83,0.007156445330192951,0.25600162370506635,0.7989707887182198,False
realistic,volume,volume_acceleration,3D,30D,spearman,validation,83,0.0382069631911103,0.24509562180678623,0.15555279062419147,False
realistic,volume,volume_acceleration,7D,1H,spearman,design,113,0.008043599368019213,0.2582360020191633,0.7405610722136832,False
realistic,volume,volume_acceleration,7D,4H,spearman,design,113,0.02185242518059855,0.246410807859319,0.34582814956400965,False
realistic,volume,volume_acceleration,7D,12H,spearman,design,113,-0.02604934381763884,0.25540483801423797,0.2782789126274753,False
realistic,volume,volume_acceleration,7D,1D,spearman,design,113,0.01992680164753372,0.24883454783209116,0.3946206768023264,False
realistic,volume,volume_acceleration,7D,3D,spearman,design,113,-0.0006828954217923734,0.2469065948184177,0.976544849189953,False
realistic,volume,volume_acceleration,7D,7D,spearman,design,113,-0.012212663360640013,0.28473557067120187,0.6484329826910629,False
realistic,volume,volume_acceleration,7D,7D,pearson,design,113,-0.008567012320270294,0.28816803650411565,0.7519827781770713,False
realistic,volume,volume_acceleration,7D,14D,spearman,design,113,-0.024782185813309952,0.2794647983731752,0.34585857082826277,False
realistic,volume,volume_acceleration,7D,30D,spearman,design,113,-0.01297592628108533,0.26936750739810766,0.6085995023557019,False
realistic,volume,volume_acceleration,7D,1H,spearman,validation,83,0.007630522088353408,0.23451608689978623,0.766902495702564,False
realistic,volume,volume_acceleration,7D,4H,spearman,validation,83,0.028864329498444922,0.2307696682344025,0.254486504083847,False
realistic,volume,volume_acceleration,7D,12H,spearman,validation,83,0.008445813328501984,0.2712083484362828,0.7766312153499231,False
realistic,volume,volume_acceleration,7D,1D,spearman,validation,83,-0.0015611317450252187,0.23878462881186446,0.9525041606369347,False
realistic,volume,volume_acceleration,7D,3D,spearman,validation,83,-0.002361324999245099,0.22314368851681043,0.9231970445924776,False
realistic,volume,volume_acceleration,7D,7D,spearman,validation,83,-0.020312830268442186,0.2370820758048665,0.43505659584937206,False
realistic,volume,volume_acceleration,7D,7D,pearson,validation,83,-0.0184658469256866,0.24546691047314184,0.49312019651398287,False
realistic,volume,volume_acceleration,7D,14D,spearman,validation,83,0.01792432889452547,0.24526233023414393,0.5055317814070062,False
realistic,volume,volume_acceleration,7D,30D,spearman,validation,83,0.015964610320983178,0.23637586301726443,0.5383497642860448,False
realistic,volume,volume_acceleration,14D,1H,spearman,design,113,0.01511982063435528,0.2427446881389712,0.5078948865027193,False
realistic,volume,volume_acceleration,14D,4H,spearman,design,113,0.01022722083710056,0.2400920019110175,0.6506831945446061,False
realistic,volume,volume_acceleration,14D,12H,spearman,design,113,-0.03535895960619925,0.2332158059533427,0.10703005514904679,False
realistic,volume,volume_acceleration,14D,1D,spearman,design,113,-0.009542727198005432,0.2549739169609824,0.6907430460620365,False
realistic,volume,volume_acceleration,14D,3D,spearman,design,113,-0.025320556727581576,0.27431046962011374,0.32648014569108297,False
realistic,volume,volume_acceleration,14D,7D,spearman,design,113,-0.03084331077563769,0.2913243599780495,0.26040146123719576,False
realistic,volume,volume_acceleration,14D,14D,spearman,design,113,-0.017655278226800738,0.2700113896822332,0.48700826571063116,False
realistic,volume,volume_acceleration,14D,14D,pearson,design,113,-0.016371826985158558,0.27202708845625806,0.522321809911042,False
realistic,volume,volume_acceleration,14D,30D,spearman,design,113,0.0032959807118003166,0.2084303843778412,0.8665060890933662,False
realistic,volume,volume_acceleration,14D,1H,spearman,validation,83,-0.002213364737144073,0.24007062198969362,0.9330604716245723,False
realistic,volume,volume_acceleration,14D,4H,spearman,validation,83,0.009590240661895701,0.23902655849851664,0.7147162147044931,False
realistic,volume,volume_acceleration,14D,12H,spearman,validation,83,0.007850952682912095,0.2529758652433839,0.7773786155168547,False
realistic,volume,volume_acceleration,14D,1D,spearman,validation,83,0.006609898239574837,0.2212324843036994,0.785469782649209,False
realistic,volume,volume_acceleration,14D,3D,spearman,validation,83,-0.012673249388531576,0.22707281103040916,0.6111265994235865,False
realistic,volume,volume_acceleration,14D,7D,spearman,validation,83,0.008346166621372702,0.23958063183643374,0.7509581447146217,False
realistic,volume,volume_acceleration,14D,14D,spearman,validation,83,0.020735573874445145,0.27564144450456857,0.49312490805926656,False
realistic,volume,volume_acceleration,14D,14D,pearson,validation,83,0.009210580598725338,0.2806106468758441,0.764913400418784,False
realistic,volume,volume_acceleration,14D,30D,spearman,validation,83,0.00044086118911737244,0.23618244396477223,0.9864321063399749,False
realistic,volume,volume_acceleration,30D,1H,spearman,design,113,-0.006362503082276222,0.2360185868300695,0.774446490278261,False
realistic,volume,volume_acceleration,30D,4H,spearman,design,113,-0.01000666684932007,0.24646299449600206,0.6660354049430772,False
realistic,volume,volume_acceleration,30D,12H,spearman,design,113,-0.037859713051499135,0.25660359660902016,0.11679036587203874,False
realistic,volume,volume_acceleration,30D,1D,spearman,design,113,-0.03942939075956419,0.25579389534852914,0.10129960996698167,False
realistic,volume,volume_acceleration,30D,3D,spearman,design,113,-0.04830634629259249,0.2368218275309209,0.03013498997081684,False
realistic,volume,volume_acceleration,30D,7D,spearman,design,113,-0.048778277030420925,0.214335206941591,0.015554592599658726,False
realistic,volume,volume_acceleration,30D,14D,spearman,design,113,0.0008975131738769116,0.2593476419373271,0.97065461139837,False
realistic,volume,volume_acceleration,30D,30D,spearman,design,113,0.023170726138615674,0.21179552381971448,0.24484865326673677,False
realistic,volume,volume_acceleration,30D,30D,pearson,design,113,0.010343651877507605,0.1794229209561074,0.5399932521537563,False
realistic,volume,volume_acceleration,30D,1H,spearman,validation,83,-0.034438505903312495,0.22914608437388273,0.17093280859070836,False
realistic,volume,volume_acceleration,30D,4H,spearman,validation,83,-0.023057644110275693,0.2381108928934504,0.3776602480478989,False
realistic,volume,volume_acceleration,30D,12H,spearman,validation,83,-0.005779509013497607,0.2500963011664193,0.8332507361238346,False
realistic,volume,volume_acceleration,30D,1D,spearman,validation,83,0.004133828547271794,0.2554122536897909,0.8827755025959845,False
realistic,volume,volume_acceleration,30D,3D,spearman,validation,83,0.01198478123018389,0.21860699923653823,0.6174518103873328,False
realistic,volume,volume_acceleration,30D,7D,spearman,validation,83,0.025651478092822422,0.20867632755640797,0.26275746453436966,False
realistic,volume,volume_acceleration,30D,14D,spearman,validation,83,0.01741099737295045,0.26763867090442395,0.5534012119306815,False
realistic,volume,volume_acceleration,30D,30D,spearman,validation,83,-0.02449497237068575,0.22036224060135431,0.31120569435069834,False
realistic,volume,volume_acceleration,30D,30D,pearson,validation,83,-0.010598757578036437,0.22374152064605882,0.6660567316880384,False
realistic,volume,relative_volume,1H,1H,spearman,design,113,-0.028962665643807593,0.23427031678422247,0.1887799014271585,False
realistic,volume,relative_volume,1H,1H,pearson,design,113,-0.02610628455863173,0.24392735355896458,0.2552501207286111,False
realistic,volume,relative_volume,1H,4H,spearman,design,113,-0.002816058887458105,0.2222760070635067,0.8928685010521004,False
realistic,volume,relative_volume,1H,12H,spearman,design,113,-0.013603112414038745,0.2609955948454838,0.5795486677429968,False
realistic,volume,relative_volume,1H,1D,spearman,design,113,0.00024133081271633354,0.24189228460472306,0.99153821666218,False
realistic,volume,relative_volume,1H,3D,spearman,design,113,0.012324766888590558,0.2549242072318773,0.6072985423519294,False
realistic,volume,relative_volume,1H,7D,spearman,design,113,0.0003404202854872784,0.2594463248769036,0.9888715901912786,False
realistic,volume,relative_volume,1H,14D,spearman,design,113,-0.0037156269121528473,0.2435902819525935,0.8711893762236694,False
realistic,volume,relative_volume,1H,30D,spearman,design,113,0.01635638419317425,0.24785352404846087,0.4829872545185788,False
realistic,volume,relative_volume,1H,1H,spearman,validation,83,-0.04507654678865839,0.21873710619556536,0.060457129339945875,False
realistic,volume,relative_volume,1H,1H,pearson,validation,83,-0.0312940608172441,0.22949649527319876,0.2141275564232391,False
realistic,volume,relative_volume,1H,4H,spearman,validation,83,-0.02444665881571398,0.2403283188548429,0.3540663084471285,False
realistic,volume,relative_volume,1H,12H,spearman,validation,83,0.017601231995651778,0.2412238215542627,0.506206908141597,False
realistic,volume,relative_volume,1H,1D,spearman,validation,83,-0.010490080623244857,0.22896979407102663,0.676394827666394,False
realistic,volume,relative_volume,1H,3D,spearman,validation,83,-0.04073134643838511,0.24873475547225135,0.13573290537974003,False
realistic,volume,relative_volume,1H,7D,spearman,validation,83,-0.018854364827731975,0.27258517483648115,0.5285919117472493,False
realistic,volume,relative_volume,1H,14D,spearman,validation,83,-0.016320922788899964,0.25212928795855977,0.5553650887930165,False
realistic,volume,relative_volume,1H,30D,spearman,validation,83,-0.0067004861551469026,0.23713428739296238,0.7968505751716268,False
realistic,volume,relative_volume,4H,1H,spearman,design,113,-0.028962665643807593,0.23427031678422247,0.1887799014271585,False
realistic,volume,relative_volume,4H,4H,spearman,design,113,-0.002816058887458105,0.2222760070635067,0.8928685010521004,False
realistic,volume,relative_volume,4H,4H,pearson,design,113,-0.007889635432928444,0.23830681002437784,0.7248886846860906,False
realistic,volume,relative_volume,4H,12H,spearman,design,113,-0.013603112414038745,0.2609955948454838,0.5795486677429968,False
realistic,volume,relative_volume,4H,1D,spearman,design,113,0.00024133081271633354,0.24189228460472306,0.99153821666218,False
realistic,volume,relative_volume,4H,3D,spearman,design,113,0.012324766888590558,0.2549242072318773,0.6072985423519294,False
realistic,volume,relative_volume,4H,7D,spearman,design,113,0.0003404202854872784,0.2594463248769036,0.9888715901912786,False
realistic,volume,relative_volume,4H,14D,spearman,design,113,-0.0037156269121528473,0.2435902819525935,0.8711893762236694,False
realistic,volume,relative_volume,4H,30D,spearman,design,113,0.01635638419317425,0.24785352404846087,0.4829872545185788,False
realistic,volume,relative_volume,4H,1H,spearman,validation,83,-0.04507654678865839,0.21873710619556536,0.060457129339945875,False
realistic,volume,relative_volume,4H,4H,spearman,validation,83,-0.02444665881571398,0.2403283188548429,0.3540663084471285,False
realistic,volume,relative_volume,4H,4H,pearson,validation,83,-0.03391812850197015,0.2378795022308563,0.19393904800213357,False
realistic,volume,relative_volume,4H,12H,spearman,validation,83,0.017601231995651778,0.2412238215542627,0.506206908141597,False
realistic,volume,relative_volume,4H,1D,spearman,validation,83,-0.010490080623244857,0.22896979407102663,0.676394827666394,False
realistic,volume,relative_volume,4H,3D,spearman,validation,83,-0.04073134643838511,0.24873475547225135,0.13573290537974003,False
realistic,volume,relative_volume,4H,7D,spearman,validation,83,-0.018854364827731975,0.27258517483648115,0.5285919117472493,False
realistic,volume,relative_volume,4H,14D,spearman,validation,83,-0.016320922788899964,0.25212928795855977,0.5553650887930165,False
realistic,volume,relative_volume,4H,30D,spearman,validation,83,-0.0067004861551469026,0.23713428739296238,0.7968505751716268,False
realistic,volume,relative_volume,12H,1H,spearman,design,113,-0.021817036083180363,0.22514345899276628,0.3029672397451534,False
realistic,volume,relative_volume,12H,4H,spearman,design,113,0.007376914436011946,0.21985534821511596,0.7213325018095667,False
realistic,volume,relative_volume,12H,12H,spearman,design,113,-0.0021722056312045044,0.2684066498326414,0.9314430473589029,False
realistic,volume,relative_volume,12H,12H,pearson,design,113,-0.01302632359538058,0.2550215372333265,0.5871432355300602,False
realistic,volume,relative_volume,12H,1D,spearman,design,113,0.01839456788770469,0.24043929665474448,0.4160754986443942,False
realistic,volume,relative_volume,12H,3D,spearman,design,113,0.016520772258600696,0.24001700172601667,0.46435734850857036,False
realistic,volume,relative_volume,12H,7D,spearman,design,113,0.008525119409664193,0.2557331737431093,0.7230642583252327,False
realistic,volume,relative_volume,12H,14D,spearman,design,113,-0.007261842790213437,0.23168749878052122,0.7389957854603681,False
realistic,volume,relative_volume,12H,30D,spearman,design,113,0.006286701918774034,0.2410362449820868,0.7815841383952497,False
realistic,volume,relative_volume,12H,1H,spearman,validation,83,-0.04534529093818885,0.21754954558628095,0.05757132136801867,False
realistic,volume,relative_volume,12H,4H,spearman,validation,83,-0.023845758975752633,0.2258125183898274,0.3360194391072774,False
realistic,volume,relative_volume,12H,12H,spearman,validation,83,0.009315457317993776,0.24359846892957995,0.7275455095941576,False
realistic,volume,relative_volume,12H,12H,pearson,validation,83,0.0019967436674469563,0.23489438345225105,0.9382702037146855,False
realistic,volume,relative_volume,12H,1D,spearman,validation,83,-0.00453241537578887,0.23652883708971711,0.8614127717362752,False
realistic,volume,relative_volume,12H,3D,spearman,validation,83,-0.025123048585318712,0.23902660819144694,0.3382856345944497,False
realistic,volume,relative_volume,12H,7D,spearman,validation,83,-0.00823142192831477,0.24871312639539703,0.7630184892306395,False
realistic,volume,relative_volume,12H,14D,spearman,validation,83,-0.010154905335628225,0.2503774768102165,0.7117517607398465,False
realistic,volume,relative_volume,12H,30D,spearman,validation,83,-0.0003230968988736916,0.2368652958343845,0.9900848501051429,False
realistic,volume,relative_volume,1D,1H,spearman,design,113,-0.022983049763920474,0.23124735007916852,0.2907391598882577,False
realistic,volume,relative_volume,1D,4H,spearman,design,113,-0.005573897001744342,0.22634492429774514,0.7934952708346323,False
realistic,volume,relative_volume,1D,12H,spearman,design,113,0.004644876115327357,0.25774919593591367,0.8480830042086253,False
realistic,volume,relative_volume,1D,1D,spearman,design,113,0.012545549193128575,0.22075763033498283,0.54577314604515,False
realistic,volume,relative_volume,1D,1D,pearson,design,113,0.0014603402567727865,0.2238564651790248,0.9447139286994275,False
realistic,volume,relative_volume,1D,3D,spearman,design,113,0.02227869256691964,0.23477995081676128,0.3131119643610131,False
realistic,volume,relative_volume,1D,7D,spearman,design,113,0.011645981168433841,0.2612403762873629,0.6355803269054054,False
realistic,volume,relative_volume,1D,14D,spearman,design,113,-0.00628807181931925,0.23515617115132456,0.7762188700370904,False
realistic,volume,relative_volume,1D,30D,spearman,design,113,0.003519274500671253,0.2333818277541629,0.8726471413673074,False
realistic,volume,relative_volume,1D,1H,spearman,validation,83,-0.044732312709484544,0.2253661315529443,0.07055900183386869,False
realistic,volume,relative_volume,1D,4H,spearman,validation,83,-0.022945919014403477,0.23574629391998858,0.37521523711371196,False
realistic,volume,relative_volume,1D,12H,spearman,validation,83,0.021122082314219283,0.239369042688223,0.4214485661994949,False
realistic,volume,relative_volume,1D,1D,spearman,validation,83,-0.0008485068091916555,0.231251148456125,0.9733332760677489,False
realistic,volume,relative_volume,1D,1D,pearson,validation,83,0.004697012916915161,0.22374947802503878,0.8483306546747089,False
realistic,volume,relative_volume,1D,3D,spearman,validation,83,-0.019059697436361985,0.24928333090502508,0.4860749047866225,False
realistic,volume,relative_volume,1D,7D,spearman,validation,83,-0.004248573240329738,0.2618948843690828,0.8825057913281551,False
realistic,volume,relative_volume,1D,14D,spearman,validation,83,-0.002935048464534835,0.2543019507285086,0.9162576773995934,False
realistic,volume,relative_volume,1D,30D,spearman,validation,83,0.010767883564332519,0.23036675645581872,0.6702221967690045,False
realistic,volume,relative_volume,3D,1H,spearman,design,113,-0.01955966830141465,0.23540466660370757,0.37709902226963754,False
realistic,volume,relative_volume,3D,4H,spearman,design,113,-0.0019539348109993827,0.22616827950348112,0.9268275617459589,False
realistic,volume,relative_volume,3D,12H,spearman,design,113,-0.0009988858142232267,0.2564808729044931,0.9669770323269542,False
realistic,volume,relative_volume,3D,1D,spearman,design,113,0.013622975971944428,0.21877072315619603,0.5080063692248273,False
realistic,volume,relative_volume,3D,3D,spearman,design,113,0.02618861703973625,0.22795338379393892,0.22199013655121813,False
realistic,volume,relative_volume,3D,3D,pearson,design,113,0.020700646872024997,0.23774169847576043,0.3546600631757726,False
realistic,volume,relative_volume,3D,7D,spearman,design,113,0.01613651515566637,0.257303137859838,0.5049898331859588,False
realistic,volume,relative_volume,3D,14D,spearman,design,113,-0.00920230691251815,0.2395215900271112,0.6829762120639664,False
realistic,volume,relative_volume,3D,30D,spearman,design,113,0.00015183064376192917,0.232807823719442,0.9944685668672824,False
realistic,volume,relative_volume,3D,1H,spearman,validation,83,-0.05364314400458977,0.22622939589048913,0.03075323656137153,False
realistic,volume,relative_volume,3D,4H,spearman,validation,83,-0.030814989280429986,0.23492714988212554,0.2320870817178633,False
realistic,volume,relative_volume,3D,12H,spearman,validation,83,0.011078902074463262,0.24004001356893145,0.6741300397989962,False
realistic,volume,relative_volume,3D,1D,spearman,validation,83,-0.01175831144125374,0.23890165956663603,0.6538651119196155,False
realistic,volume,relative_volume,3D,3D,spearman,validation,83,-0.020720475888516464,0.2480846464481964,0.4467049719972699,False
realistic,volume,relative_volume,3D,3D,pearson,validation,83,-0.021160518598016615,0.22595637373866445,0.3935593938758597,False
realistic,volume,relative_volume,3D,7D,spearman,validation,83,-0.006878642389105296,0.2601165359517869,0.8096167074097227,False
realistic,volume,relative_volume,3D,14D,spearman,validation,83,0.0005676842709182564,0.25973569444965394,0.9841135948598976,False
realistic,volume,relative_volume,3D,30D,spearman,validation,83,0.012241446990971403,0.2362114567685019,0.6368268251318185,False
realistic,volume,relative_volume,7D,1H,spearman,design,113,-0.014767071243961026,0.22955353226217018,0.4940810661721673,False
realistic,volume,relative_volume,7D,4H,spearman,design,113,-0.0007415728284793197,0.22704776786370817,0.9723032629150812,False
realistic,volume,relative_volume,7D,12H,spearman,design,113,-0.0013502653040722587,0.24668677333336253,0.9536011164628799,False
realistic,volume,relative_volume,7D,1D,spearman,design,113,0.018883165748833298,0.22144735891295572,0.36469808419985383,False
realistic,volume,relative_volume,7D,3D,spearman,design,113,0.02817634273085107,0.22847460479369722,0.18987488066390046,False
realistic,volume,relative_volume,7D,7D,spearman,design,113,0.015869156232590845,0.25462390783393823,0.5076430204112132,False
realistic,volume,relative_volume,7D,7D,pearson,design,113,0.01313382286825318,0.24923414139759267,0.5753608519165657,False
realistic,volume,relative_volume,7D,14D,spearman,design,113,-0.0051560773354521125,0.23556761592144548,0.8160165564775206,False
realistic,volume,relative_volume,7D,30D,spearman,design,113,0.004633231960692986,0.2374341960933163,0.8356709111419345,False
realistic,volume,relative_volume,7D,1H,spearman,validation,83,-0.05461847389558234,0.2406030694798874,0.038627975208926434,False
realistic,volume,relative_volume,7D,4H,spearman,validation,83,-0.033031373614759794,0.24050531791947563,0.2108465322423847,False
realistic,volume,relative_volume,7D,12H,spearman,validation,83,0.0058519793459552525,0.2469656935999153,0.8290840799266559,False
realistic,volume,relative_volume,7D,1D,spearman,validation,83,-0.015756258115167437,0.23451029068240567,0.5404642793638245,False
realistic,volume,relative_volume,7D,3D,spearman,validation,83,-0.02541292991514932,0.2445263536326316,0.3437297418487829,False
realistic,volume,relative_volume,7D,7D,spearman,validation,83,-0.011921369689283446,0.25709362555205156,0.6726975977041236,False
realistic,volume,relative_volume,7D,7D,pearson,validation,83,-0.0057367499822109135,0.2438154906468448,0.8302663604830263,False
realistic,volume,relative_volume,7D,14D,spearman,validation,83,-0.006908838360962642,0.2593874078164558,0.8082700971326657,False
realistic,volume,relative_volume,7D,30D,spearman,validation,83,0.010828275508047222,0.23758223537168824,0.677976579519876,False
realistic,volume,relative_volume,14D,1H,spearman,design,113,-0.01691872836698723,0.2295390306044816,0.4333214857807033,False
realistic,volume,relative_volume,14D,4H,spearman,design,113,-0.0008134926071033943,0.23047255164420744,0.9700696502524206,False
realistic,volume,relative_volume,14D,12H,spearman,design,113,-0.000559604372722545,0.2475565216604347,0.9808290242764424,False
realistic,volume,relative_volume,14D,1D,spearman,design,113,0.017787930262929578,0.2201494424091944,0.39039083647572115,False
realistic,volume,relative_volume,14D,3D,spearman,design,113,0.028481602235677694,0.22742914227906422,0.18310887721454405,False
realistic,volume,relative_volume,14D,7D,spearman,design,113,0.014044220389599717,0.25186804770410076,0.5533555821380178,False
realistic,volume,relative_volume,14D,14D,spearman,design,113,-0.004493045471565432,0.2338396925416805,0.8381582363556227,False
realistic,volume,relative_volume,14D,14D,pearson,design,113,-0.013796221961028738,0.252335904530919,0.5611104122922257,False
realistic,volume,relative_volume,14D,30D,spearman,design,113,0.004673872343534524,0.238337128276306,0.83486920013277,False
realistic,volume,relative_volume,14D,1H,spearman,validation,83,-0.05636682066612314,0.23725743904911578,0.030431668263721207,False
realistic,volume,relative_volume,14D,4H,spearman,validation,83,-0.036811909291300536,0.23910325930429827,0.16072838654760557,False
realistic,volume,relative_volume,14D,12H,spearman,validation,83,0.006621976628317786,0.23692974890006793,0.7990100067094507,False
realistic,volume,relative_volume,14D,1D,spearman,validation,83,-0.012335054503729204,0.23528672947717627,0.632920551041448,False
realistic,volume,relative_volume,14D,3D,spearman,validation,83,-0.026418455777999218,0.24774244939043516,0.3312957427602068,False
realistic,volume,relative_volume,14D,7D,spearman,validation,83,-0.007660718060210761,0.25645456043471637,0.7855116190096693,False
realistic,volume,relative_volume,14D,14D,spearman,validation,83,-0.0037503397046833994,0.26246296118930673,0.8964246431084554,False
realistic,volume,relative_volume,14D,14D,pearson,validation,83,-0.005062737468393136,0.23399079316649857,0.843735410948793,False
realistic,volume,relative_volume,14D,30D,spearman,validation,83,0.007304405592293985,0.23304462699508774,0.7752214601246922,False
realistic,volume,relative_volume,30D,1H,spearman,design,113,-0.016613925495675686,0.22932969347270746,0.44123629912537654,False
realistic,volume,relative_volume,30D,4H,spearman,design,113,-0.0003495529557887488,0.23403952688607765,0.9873326781492401,False
realistic,volume,relative_volume,30D,12H,spearman,design,113,-0.001232225540425774,0.2493672389851308,0.9581080657457131,False
realistic,volume,relative_volume,30D,1D,spearman,design,113,0.020239595605359057,0.22646371158995793,0.3420913271750585,False
realistic,volume,relative_volume,30D,3D,spearman,design,113,0.024043352785921082,0.23771988958702397,0.2823079409461964,False
realistic,volume,relative_volume,30D,7D,spearman,design,113,0.009710996648310006,0.25170907742463755,0.681722632827007,False
realistic,volume,relative_volume,30D,14D,spearman,design,113,-0.00963291231723244,0.23165196401012605,0.6584607970830247,False
realistic,volume,relative_volume,30D,30D,spearman,design,113,0.0033875357315725574,0.23879984844659202,0.8801368504138022,False
realistic,volume,relative_volume,30D,30D,pearson,design,113,0.012783994268757409,0.23579996044552176,0.5644003686824624,False
realistic,volume,relative_volume,30D,1H,spearman,validation,83,-0.05840202916930881,0.24466467840194048,0.02965397445701923,False
realistic,volume,relative_volume,30D,4H,spearman,validation,83,-0.03880182383670018,0.24405534851588254,0.14749184769012555,False
realistic,volume,relative_volume,30D,12H,spearman,validation,83,0.010218316876528667,0.2405285121076637,0.6987292366608762,False
realistic,volume,relative_volume,30D,1D,spearman,validation,83,-0.007654678865839302,0.23800228318313985,0.7695132415207038,False
realistic,volume,relative_volume,30D,3D,spearman,validation,83,-0.0217622369175952,0.2501634569022069,0.4280485157337022,False
realistic,volume,relative_volume,30D,7D,spearman,validation,83,-0.005504725669595668,0.25776455343363847,0.8457381304788983,False
realistic,volume,relative_volume,30D,14D,spearman,validation,83,-0.004619983694175194,0.2611400906588893,0.8719531565937614,False
realistic,volume,relative_volume,30D,30D,spearman,validation,83,0.012126702297913457,0.235533409991785,0.639026098429471,False
realistic,volume,relative_volume,30D,30D,pearson,validation,83,0.018990522857745974,0.2282022556010263,0.44836025336255325,False
realistic,volume,price_volume_confirmation,1H,1H,spearman,design,113,0.0006710229504004663,0.2377007275553722,0.9760601751485065,False
realistic,volume,price_volume_confirmation,1H,1H,pearson,design,113,0.01528098761042723,0.22703574966458778,0.47431361497690205,False
realistic,volume,price_volume_confirmation,1H,4H,spearman,design,113,0.034491355927559655,0.24104967135789282,0.12824776910127283,False
realistic,volume,price_volume_confirmation,1H,12H,spearman,design,113,0.0023491511182954735,0.2471312635684178,0.9195133235021199,False
realistic,volume,price_volume_confirmation,1H,1D,spearman,design,113,0.009282446094413543,0.2171543376742888,0.6495448480108665,False
realistic,volume,price_volume_confirmation,1H,3D,spearman,design,113,0.00629903102368101,0.240821037356022,0.780976116390587,False
realistic,volume,price_volume_confirmation,1H,7D,spearman,design,113,-0.0026907129875704404,0.27950889698389514,0.9184932501433254,False
realistic,volume,price_volume_confirmation,1H,14D,spearman,design,113,0.031120487319287283,0.266933600128222,0.21522816781896992,False
realistic,volume,price_volume_confirmation,1H,30D,spearman,design,113,0.015305442158232645,0.24425461088768038,0.5053443439824066,False
realistic,volume,price_volume_confirmation,1H,1H,spearman,validation,83,-0.00519672675665066,0.241156025783311,0.8443574917283919,False
realistic,volume,price_volume_confirmation,1H,1H,pearson,validation,83,0.005789394284617267,0.2416587365089957,0.8272282915054835,False
realistic,volume,price_volume_confirmation,1H,4H,spearman,validation,83,-0.03159404535434973,0.2247530315216775,0.2003080585307283,False
realistic,volume,price_volume_confirmation,1H,12H,spearman,validation,83,-0.0029924208110637973,0.2572418838560881,0.9155989724875375,False
realistic,volume,price_volume_confirmation,1H,1D,spearman,validation,83,0.004378415919316363,0.227917741185316,0.8610670062000979,False
realistic,volume,price_volume_confirmation,1H,3D,spearman,validation,83,-0.04610622942899416,0.22778959278058367,0.06518075273127781,False
realistic,volume,price_volume_confirmation,1H,7D,spearman,validation,83,-0.010076395808799106,0.21298196382873624,0.6664509309124946,False
realistic,volume,price_volume_confirmation,1H,14D,spearman,validation,83,-0.03403387988042395,0.2122424109703464,0.144044873122518,False
realistic,volume,price_volume_confirmation,1H,30D,spearman,validation,83,-0.04011836820968082,0.22005374489121912,0.09672580631460957,False
realistic,volume,price_volume_confirmation,4H,1H,spearman,design,113,-0.013825264619121985,0.21116535864043365,0.48644813909834683,False
realistic,volume,price_volume_confirmation,4H,4H,spearman,design,113,-0.0004742139054038059,0.21608546830209102,0.9813881897760185,False
realistic,volume,price_volume_confirmation,4H,4H,pearson,design,113,-0.002673519699897602,0.2214080920686279,0.8978642220569394,False
realistic,volume,price_volume_confirmation,4H,12H,spearman,design,113,-0.0035987287322940325,0.25463518074798097,0.8805795392285781,False
realistic,volume,price_volume_confirmation,4H,1D,spearman,design,113,-0.003427034530626412,0.23546615620078767,0.8770469067474256,False
realistic,volume,price_volume_confirmation,4H,3D,spearman,design,113,0.0026987040740842193,0.2420821386070398,0.905668600614815,False
realistic,volume,price_volume_confirmation,4H,7D,spearman,design,113,0.009103445756504742,0.2845263853740433,0.7337718734126166,False
realistic,volume,price_volume_confirmation,4H,14D,spearman,design,113,0.014601313277989345,0.27100771521398653,0.5668279201821138,False
realistic,volume,price_volume_confirmation,4H,30D,spearman,design,113,0.00726435427454634,0.22505400738207318,0.7315061327186476,False
realistic,volume,price_volume_confirmation,4H,1H,spearman,validation,83,-0.01832291572304255,0.2614967262302732,0.5232377289577126,False
realistic,volume,price_volume_confirmation,4H,4H,spearman,validation,83,-0.012618896639188333,0.27413288323237023,0.6749443796074635,False
realistic,volume,price_volume_confirmation,4H,4H,pearson,validation,83,-0.015018623279245498,0.26950965837714774,0.6116738559371624,False
realistic,volume,price_volume_confirmation,4H,12H,spearman,validation,83,0.010151885738442492,0.27145023749804537,0.73331561284144,False
realistic,volume,price_volume_confirmation,4H,1D,spearman,validation,83,-0.01801491681009753,0.2411598289608831,0.49615002354498894,False
realistic,volume,price_volume_confirmation,4H,3D,spearman,validation,83,-0.014340067035057524,0.20045667809490594,0.5145734429093736,False
realistic,volume,price_volume_confirmation,4H,7D,spearman,validation,83,-0.013693873237310139,0.21179395103805213,0.5558280633250338,False
realistic,volume,price_volume_confirmation,4H,14D,spearman,validation,83,-0.015381828064136242,0.2347206905868176,0.5504878377604614,False
realistic,volume,price_volume_confirmation,4H,30D,spearman,validation,83,-0.018806051272760207,0.22343150015219995,0.4431897728865035,False
realistic,volume,price_volume_confirmation,12H,1H,spearman,design,113,-0.01007219375873312,0.23700938359555032,0.651449399780571,False
realistic,volume,price_volume_confirmation,12H,4H,spearman,design,113,-0.006633515073472327,0.23706005084917015,0.7661174358397868,False
realistic,volume,price_volume_confirmation,12H,12H,spearman,design,113,0.0023283742933596315,0.23639466994525332,0.9166123973972684,False
realistic,volume,price_volume_confirmation,12H,12H,pearson,design,113,-0.0022955817998623193,0.24771701603029306,0.9215280817589533,False
realistic,volume,price_volume_confirmation,12H,1D,spearman,design,113,0.019533868507813003,0.22448329414497561,0.354963999390813,False
realistic,volume,price_volume_confirmation,12H,3D,spearman,design,113,0.04821707444039563,0.22269663866085368,0.021358767102531474,False
realistic,volume,price_volume_confirmation,12H,7D,spearman,design,113,0.027256682831493094,0.2771899417252916,0.2958912271708747,False
realistic,volume,price_volume_confirmation,12H,14D,spearman,design,113,0.025304117921038934,0.2666052098448587,0.31300736304260535,False
realistic,volume,price_volume_confirmation,12H,30D,spearman,design,113,-0.009132441984711907,0.2541784157303849,0.7025108721188775,False
realistic,volume,price_volume_confirmation,12H,1H,spearman,validation,83,0.01423438113355679,0.2575693234114435,0.6146257988207298,False
realistic,volume,price_volume_confirmation,12H,4H,spearman,validation,83,0.014475948908415616,0.21564846513318647,0.54082830917039,False
realistic,volume,price_volume_confirmation,12H,12H,spearman,validation,83,0.02626445632152671,0.23480955317985144,0.3081834559255465,False
realistic,volume,price_volume_confirmation,12H,12H,pearson,validation,83,0.04147257738230452,0.22470697604607662,0.09267587164164125,False
realistic,volume,price_volume_confirmation,12H,1D,spearman,validation,83,0.018957031132046984,0.22228157214983296,0.4371747186343454,False
realistic,volume,price_volume_confirmation,12H,3D,spearman,validation,83,0.013482501434308666,0.22735505662861324,0.5890159475239685,False
realistic,volume,price_volume_confirmation,12H,7D,spearman,validation,83,-0.007914364223812545,0.2238164447020689,0.7473362791733783,False
realistic,volume,price_volume_confirmation,12H,14D,spearman,validation,83,-0.012362230878400821,0.22180875261286717,0.6116227049047209,False
realistic,volume,price_volume_confirmation,12H,30D,spearman,validation,83,0.01664703928495938,0.21749497648511837,0.4856078801793582,False
realistic,volume,price_volume_confirmation,1D,1H,spearman,design,113,0.007494725882900904,0.2474890240032241,0.7475183142951979,False
realistic,volume,price_volume_confirmation,1D,4H,spearman,design,113,0.0026706211129072085,0.258978466577334,0.9127111395082339,False
realistic,volume,price_volume_confirmation,1D,12H,spearman,design,113,0.003895312200334262,0.25867282171006306,0.872819909101842,False
realistic,volume,price_volume_confirmation,1D,1D,spearman,design,113,0.020528644620400563,0.24339510638332834,0.3699446067930555,False
realistic,volume,price_volume_confirmation,1D,1D,pearson,design,113,0.02091178132703511,0.2477329312956352,0.36954911153863435,False
realistic,volume,price_volume_confirmation,1D,3D,spearman,design,113,0.04410897102203713,0.234413304453543,0.04547346790104196,False
realistic,volume,price_volume_confirmation,1D,7D,spearman,design,113,0.02820351242499794,0.24257164918059665,0.21647558711507486,False
realistic,volume,price_volume_confirmation,1D,14D,spearman,design,113,0.013289861822698337,0.23583065030574435,0.5491428849922497,False
realistic,volume,price_volume_confirmation,1D,30D,spearman,design,113,-0.024969633871247607,0.2300594468941167,0.24860310255600648,False
realistic,volume,price_volume_confirmation,1D,1H,spearman,validation,83,-0.003137361475979104,0.25731996541306734,0.911554074431011,False
realistic,volume,price_volume_confirmation,1D,4H,spearman,validation,83,0.048111241960322494,0.20967383651320146,0.036576709405049285,False
realistic,volume,price_volume_confirmation,1D,12H,spearman,validation,83,0.04845547603949633,0.23213468250129057,0.057210458969087594,False
realistic,volume,price_volume_confirmation,1D,1D,spearman,validation,83,0.05186460126219162,0.23205722124388917,0.041732832225418855,False
realistic,volume,price_volume_confirmation,1D,1D,pearson,validation,83,0.04940360114353641,0.23135486881485276,0.05172141511975664,False
realistic,volume,price_volume_confirmation,1D,3D,spearman,validation,83,0.040921581061086454,0.22569103234079674,0.09856006057884832,False
realistic,volume,price_volume_confirmation,1D,7D,spearman,validation,83,-0.008131775221185493,0.24127947292480997,0.7588080406695601,False
realistic,volume,price_volume_confirmation,1D,14D,spearman,validation,83,-0.016112570583084216,0.24192003684901967,0.5439961979732849,False
realistic,volume,price_volume_confirmation,1D,30D,spearman,validation,83,-0.012011957604855508,0.2393291572123017,0.647488706707928,False
realistic,volume,price_volume_confirmation,3D,1H,spearman,design,113,-0.006009982008639508,0.22012715388783122,0.7716420896475088,False
realistic,volume,price_volume_confirmation,3D,4H,spearman,design,113,0.03519457154077281,0.23580460087760088,0.11260725837986,False
realistic,volume,price_volume_confirmation,3D,12H,spearman,design,113,0.0371001031991744,0.25884151748740075,0.12760038696915682,False
realistic,volume,price_volume_confirmation,3D,1D,spearman,design,113,0.05170872261340492,0.2709743775378122,0.04250934251390391,False
realistic,volume,price_volume_confirmation,3D,3D,spearman,design,113,0.057104304227513086,0.23718060848633307,0.01048695129910043,False
realistic,volume,price_volume_confirmation,3D,3D,pearson,design,113,0.07286927086955729,0.23600887954680427,0.001030274099573895,False
realistic,volume,price_volume_confirmation,3D,7D,spearman,design,113,0.03792067362576143,0.24082777309621692,0.09416602389789651,False
realistic,volume,price_volume_confirmation,3D,14D,spearman,design,113,0.010670155346721827,0.22683320215752945,0.6170480524221242,False
realistic,volume,price_volume_confirmation,3D,30D,spearman,design,113,-0.04440075983816908,0.23608372833456162,0.0455830713340456,False
realistic,volume,price_volume_confirmation,3D,1H,spearman,validation,83,-0.04714799045807289,0.22470713455887945,0.05593410207279625,False
realistic,volume,price_volume_confirmation,3D,4H,spearman,validation,83,-0.013887127457197213,0.20891876634308332,0.5447913790272422,False
realistic,volume,price_volume_confirmation,3D,12H,spearman,validation,83,0.00825859830298638,0.2106458385328987,0.720953749986591,False
realistic,volume,price_volume_confirmation,3D,1D,spearman,validation,83,0.02307878129057584,0.19523005266147261,0.281491850921914,False
realistic,volume,price_volume_confirmation,3D,3D,spearman,validation,83,-0.04826826101398074,0.2070328847369814,0.03366734114360116,False
realistic,volume,price_volume_confirmation,3D,3D,pearson,validation,83,-0.060213805226808484,0.20770631774646903,0.008263648171962693,False
realistic,volume,price_volume_confirmation,3D,7D,spearman,validation,83,-0.021876981610653136,0.22448233036629392,0.3746162886273843,False
realistic,volume,price_volume_confirmation,3D,14D,spearman,validation,83,-0.04438505903312497,0.2475935233722713,0.10242915646514286,False
realistic,volume,price_volume_confirmation,3D,30D,spearman,validation,83,-0.02302140894404686,0.2222094236410543,0.3452402047739158,False
realistic,volume,price_volume_confirmation,7D,1H,spearman,design,113,-0.01823885585906463,0.23125840278265755,0.4018190724243019,False
realistic,volume,price_volume_confirmation,7D,4H,spearman,design,113,0.010281788542151832,0.24424945937948103,0.6545280424700035,False
realistic,volume,price_volume_confirmation,7D,12H,spearman,design,113,0.034787939395599876,0.24693001850933646,0.1342388148540418,False
realistic,volume,price_volume_confirmation,7D,1D,spearman,design,113,0.04480054248061591,0.262320947580719,0.06945142636031879,False
realistic,volume,price_volume_confirmation,7D,3D,spearman,design,113,0.040493575166442926,0.21480991491255022,0.04508325752429779,False
realistic,volume,price_volume_confirmation,7D,7D,spearman,design,113,-0.0008975131738769084,0.24259265479074696,0.9686288437380526,False
realistic,volume,price_volume_confirmation,7D,7D,pearson,design,113,0.006516998055471619,0.23971866811306977,0.7725879392887653,False
realistic,volume,price_volume_confirmation,7D,14D,spearman,design,113,-0.0346861101217385,0.23139347819143732,0.1110549456778793,False
realistic,volume,price_volume_confirmation,7D,30D,spearman,design,113,-0.08104422952227,0.2435462257010376,0.0004041402141480605,True
realistic,volume,price_volume_confirmation,7D,1H,spearman,validation,83,-0.04243741884832562,0.2368045523149291,0.10253877811157659,False
realistic,volume,price_volume_confirmation,7D,4H,spearman,validation,83,0.007467463840323703,0.21043468237346719,0.7464741696806065,False
realistic,volume,price_volume_confirmation,7D,12H,spearman,validation,83,0.011649605942567259,0.21635897504966098,0.6237510815002585,False
realistic,volume,price_volume_confirmation,7D,1D,spearman,validation,83,-0.017287193888335297,0.20689806093181104,0.4465288790011336,False
realistic,volume,price_volume_confirmation,7D,3D,spearman,validation,83,-0.043587885376090825,0.1967878871549763,0.04359836503777782,False
realistic,volume,price_volume_confirmation,7D,7D,spearman,validation,83,-0.03847872693782649,0.23089912404593554,0.1289565266252815,False
realistic,volume,price_volume_confirmation,7D,7D,pearson,validation,83,-0.054680316518728664,0.24928027463354022,0.045673445966412526,False
realistic,volume,price_volume_confirmation,7D,14D,spearman,validation,83,-0.04238306609898239,0.23076263824497317,0.094274233189873,False
realistic,volume,price_volume_confirmation,7D,30D,spearman,validation,83,0.004333121961530331,0.19473987698673717,0.8393580966896783,False
realistic,volume,price_volume_confirmation,14D,1H,spearman,design,113,0.0013155611569266698,0.22508787413758313,0.9504596699288907,False
realistic,volume,price_volume_confirmation,14D,4H,spearman,design,113,0.02330109500716915,0.25819613517513323,0.3373949860617853,False
realistic,volume,price_volume_confirmation,14D,12H,spearman,design,113,0.026718768550736557,0.27168602310451057,0.295831612047856,False
realistic,volume,price_volume_confirmation,14D,1D,spearman,design,113,0.018930199000885873,0.24939457498772513,0.4197372837176767,False
realistic,volume,price_volume_confirmation,14D,3D,spearman,design,113,-0.002443902572673223,0.23642688356956523,0.9125030187956682,False
realistic,volume,price_volume_confirmation,14D,7D,spearman,design,113,-0.035694813556535795,0.22898809122368793,0.09751258354161248,False
realistic,volume,price_volume_confirmation,14D,14D,spearman,design,113,-0.06957839027553267,0.22668081323595046,0.0011029283053430497,False
realistic,volume,price_volume_confirmation,14D,14D,pearson,design,113,-0.10114994544148581,0.24421323712825524,1.0682912473133304e-05,True
realistic,volume,price_volume_confirmation,14D,30D,spearman,design,113,-0.11155100139729855,0.17852597848062327,3.0905688893685726e-11,True
realistic,volume,price_volume_confirmation,14D,1H,spearman,validation,83,-0.042084125977594575,0.22939666470054476,0.09465039817345285,False
realistic,volume,price_volume_confirmation,14D,4H,spearman,validation,83,-0.024023915209711016,0.23794186614974966,0.3576567335640908,False
realistic,volume,price_volume_confirmation,14D,12H,spearman,validation,83,-0.011957604855512265,0.22914129554949897,0.6344857446511158,False
realistic,volume,price_volume_confirmation,14D,1D,spearman,validation,83,-0.030691185795814837,0.2111685865536887,0.18546718714335597,False
realistic,volume,price_volume_confirmation,14D,3D,spearman,validation,83,-0.04748014614850379,0.21286316407360806,0.042140926762441834,False
realistic,volume,price_volume_confirmation,14D,7D,spearman,validation,83,-0.058314460850922484,0.2515994659916616,0.03472330093489206,False
realistic,volume,price_volume_confirmation,14D,14D,spearman,validation,83,-0.07969320892592928,0.26131002350785193,0.005461708380981156,False
realistic,volume,price_volume_confirmation,14D,14D,pearson,validation,83,-0.05681444621744757,0.2519880017573844,0.039967671422289845,False
realistic,volume,price_volume_confirmation,14D,30D,spearman,validation,83,0.011779448621553891,0.18977239991807324,0.5717351858085888,False
realistic,volume,price_volume_confirmation,30D,1H,spearman,design,113,0.008034466697717743,0.21594401373562785,0.6924681296638457,False
realistic,volume,price_volume_confirmation,30D,4H,spearman,design,113,0.02109555512936427,0.2500595896799111,0.3698354935916288,False
realistic,volume,price_volume_confirmation,30D,12H,spearman,design,113,0.0017100925139501488,0.2540416115236452,0.9429542195480658,False
realistic,volume,price_volume_confirmation,30D,1D,spearman,design,113,-0.018847320017900022,0.23740262108645618,0.3987118986133281,False
realistic,volume,price_volume_confirmation,30D,3D,spearman,design,113,-0.05113336438441236,0.23138444999434318,0.018816687758435587,False
realistic,volume,price_volume_confirmation,30D,7D,spearman,design,113,-0.08289930317725601,0.22122943922523478,6.795393679161316e-05,True
realistic,volume,price_volume_confirmation,30D,14D,spearman,design,113,-0.11185420605130736,0.19418868152904242,9.180231477085181e-10,True
realistic,volume,price_volume_confirmation,30D,30D,spearman,design,113,-0.14051663515895416,0.15325155281011904,1.9037361196983033e-22,True
realistic,volume,price_volume_confirmation,30D,30D,pearson,design,113,-0.18575137951993217,0.16621568387687746,1.512146834884192e-32,True
realistic,volume,price_volume_confirmation,30D,1H,spearman,validation,83,-0.027161276685690124,0.1886357696113156,0.1895901215346072,False
realistic,volume,price_volume_confirmation,30D,4H,spearman,validation,83,-0.022728508017030517,0.2510783443504088,0.4095368381585258,False
realistic,volume,price_volume_confirmation,30D,12H,spearman,validation,83,-0.013666696862638533,0.24823901999914308,0.6159692081662016,False
realistic,volume,price_volume_confirmation,30D,1D,spearman,validation,83,-0.015937433946311554,0.22398531721378054,0.5168277381960854,False
realistic,volume,price_volume_confirmation,30D,3D,spearman,validation,83,-0.04436694145001057,0.2591311060370042,0.1187986004422622,False
realistic,volume,price_volume_confirmation,30D,7D,spearman,validation,83,-0.047320107497659816,0.2971517011903532,0.14683648932633245,False
realistic,volume,price_volume_confirmation,30D,14D,spearman,validation,83,-0.04177914666183531,0.3203205456272255,0.23472847205425118,False
realistic,volume,price_volume_confirmation,30D,30D,spearman,validation,83,0.06259021046592385,0.260083002519889,0.028345649499501725,False
realistic,volume,price_volume_confirmation,30D,30D,pearson,validation,83,0.048170319089212627,0.23866982481467452,0.06595298148198825,False
realistic,volume,abnormal_volume,1H,1H,spearman,design,113,-0.03142369197329607,0.21972820446323094,0.1284520144349276,False
realistic,volume,abnormal_volume,1H,1H,pearson,design,113,-0.0350587973403123,0.23553201158860293,0.11358320707655262,False
realistic,volume,abnormal_volume,1H,4H,spearman,design,113,-0.007949989497429158,0.21475277911123813,0.6939353385280578,False
realistic,volume,abnormal_volume,1H,12H,spearman,design,113,-0.021919093673799277,0.25637494905990665,0.36343592094865906,False
realistic,volume,abnormal_volume,1H,1D,spearman,design,113,-0.006150168497767068,0.23635875618546118,0.7820861082233104,False
realistic,volume,abnormal_volume,1H,3D,spearman,design,113,-4.24669169018359e-05,0.254857073172454,0.9985867041060518,False
realistic,volume,abnormal_volume,1H,7D,spearman,design,113,-0.01094459208928099,0.25794116330084255,0.6519584080230048,False
realistic,volume,abnormal_volume,1H,14D,spearman,design,113,-0.01591002493218992,0.2345932565398559,0.47095109296602133,False
realistic,volume,abnormal_volume,1H,30D,spearman,design,113,0.012248052458058207,0.2359972940198663,0.5811571723610507,False
realistic,volume,abnormal_volume,1H,1H,spearman,validation,83,-0.056762387897454476,0.21552837101904718,0.01642379790782587,False
realistic,volume,abnormal_volume,1H,1H,pearson,validation,83,-0.04348697355887023,0.2168029179436423,0.06763997373586687,False
realistic,volume,abnormal_volume,1H,4H,spearman,validation,83,-0.032898511338587434,0.2432503619267712,0.2178949469184438,False
realistic,volume,abnormal_volume,1H,12H,spearman,validation,83,0.01456351722680194,0.24225521238742967,0.5839070501260135,False
realistic,volume,abnormal_volume,1H,1D,spearman,validation,83,-0.024642932632786784,0.22559304275066733,0.31964416466593626,False
realistic,volume,abnormal_volume,1H,3D,spearman,validation,83,-0.04592505359785004,0.24595573172764815,0.08892279481218117,False
realistic,volume,abnormal_volume,1H,7D,spearman,validation,83,-0.03167859407555032,0.2756150057639103,0.2950379745059213,False
realistic,volume,abnormal_volume,1H,14D,spearman,validation,83,-0.03652504755865567,0.2531879327109584,0.18875307995099466,False
realistic,volume,abnormal_volume,1H,30D,spearman,validation,83,-0.025255910861491062,0.24086519633347658,0.3394390707193957,False
realistic,volume,abnormal_volume,4H,1H,spearman,design,113,-0.03142369197329607,0.21972820446323094,0.1284520144349276,False
realistic,volume,abnormal_volume,4H,4H,spearman,design,113,-0.007949989497429158,0.21475277911123813,0.6939353385280578,False
realistic,volume,abnormal_volume,4H,4H,pearson,design,113,-0.018580301911838862,0.22842051340776603,0.38721284166041947,False
realistic,volume,abnormal_volume,4H,12H,spearman,design,113,-0.021919093673799277,0.25637494905990665,0.36343592094865906,False
realistic,volume,abnormal_volume,4H,1D,spearman,design,113,-0.006150168497767068,0.23635875618546118,0.7820861082233104,False
realistic,volume,abnormal_volume,4H,3D,spearman,design,113,-4.24669169018359e-05,0.254857073172454,0.9985867041060518,False
realistic,volume,abnormal_volume,4H,7D,spearman,design,113,-0.01094459208928099,0.25794116330084255,0.6519584080230048,False
realistic,volume,abnormal_volume,4H,14D,spearman,design,113,-0.01591002493218992,0.2345932565398559,0.47095109296602133,False
realistic,volume,abnormal_volume,4H,30D,spearman,design,113,0.012248052458058207,0.2359972940198663,0.5811571723610507,False
realistic,volume,abnormal_volume,4H,1H,spearman,validation,83,-0.056762387897454476,0.21552837101904718,0.01642379790782587,False
realistic,volume,abnormal_volume,4H,4H,spearman,validation,83,-0.032898511338587434,0.2432503619267712,0.2178949469184438,False
realistic,volume,abnormal_volume,4H,4H,pearson,validation,83,-0.0489525726642705,0.23951230777235447,0.06259882677223727,False
realistic,volume,abnormal_volume,4H,12H,spearman,validation,83,0.01456351722680194,0.24225521238742967,0.5839070501260135,False
realistic,volume,abnormal_volume,4H,1D,spearman,validation,83,-0.024642932632786784,0.22559304275066733,0.31964416466593626,False
realistic,volume,abnormal_volume,4H,3D,spearman,validation,83,-0.04592505359785004,0.24595573172764815,0.08892279481218117,False
realistic,volume,abnormal_volume,4H,7D,spearman,validation,83,-0.03167859407555032,0.2756150057639103,0.2950379745059213,False
realistic,volume,abnormal_volume,4H,14D,spearman,validation,83,-0.03652504755865567,0.2531879327109584,0.18875307995099466,False
realistic,volume,abnormal_volume,4H,30D,spearman,validation,83,-0.025255910861491062,0.24086519633347658,0.3394390707193957,False
realistic,volume,abnormal_volume,12H,1H,spearman,design,113,-0.026726303003735262,0.2249667757103133,0.20663477502850947,False
realistic,volume,abnormal_volume,12H,4H,spearman,design,113,-1.2100788149450219e-05,0.22022355983628383,0.9995339536213531,False
realistic,volume,abnormal_volume,12H,12H,spearman,design,113,-0.01159575148177575,0.26126376888891617,0.6370687779625581,False
realistic,volume,abnormal_volume,12H,12H,pearson,design,113,-0.020428119478558972,0.2591307556238021,0.40202568494617263,False
realistic,volume,abnormal_volume,12H,1D,spearman,design,113,0.010830433710512614,0.23419467126606375,0.6230051953103528,False
realistic,volume,abnormal_volume,12H,3D,spearman,design,113,0.015541521685525632,0.23414860953394606,0.48045450418724944,False
realistic,volume,abnormal_volume,12H,7D,spearman,design,113,0.0018886362183438868,0.2508082944510748,0.9361997901590531,False
realistic,volume,abnormal_volume,12H,14D,spearman,design,113,-0.009652775875138131,0.2302914349072207,0.6559095778780355,False
realistic,volume,abnormal_volume,12H,30D,spearman,design,113,0.006662282984921954,0.24138703802196687,0.769222496195901,False
realistic,volume,abnormal_volume,12H,1H,spearman,validation,83,-0.060247003049793156,0.22582952564497702,0.015078437648993512,False
realistic,volume,abnormal_volume,12H,4H,spearman,validation,83,-0.03817072802488148,0.234242901819177,0.13765562007708348,False
realistic,volume,abnormal_volume,12H,12H,spearman,validation,83,0.0009451339191351845,0.24191904510899154,0.9716070375714095,False
realistic,volume,abnormal_volume,12H,12H,pearson,validation,83,-0.002290052663269941,0.23317272014270363,0.9287035909365182,False
realistic,volume,abnormal_volume,12H,1D,spearman,validation,83,-0.010278708820243372,0.23843559438020323,0.694510598714104,False
realistic,volume,abnormal_volume,12H,3D,spearman,validation,83,-0.027747078539722796,0.2431030383209417,0.2984149057548252,False
realistic,volume,abnormal_volume,12H,7D,spearman,validation,83,-0.013443246670894107,0.2423123676151948,0.6132514450186923,False
realistic,volume,abnormal_volume,12H,14D,spearman,validation,83,-0.017389860192650295,0.24362701714378876,0.5155023883443057,False
realistic,volume,abnormal_volume,12H,30D,spearman,validation,83,-0.011471449708608871,0.22797676525131227,0.6466482935019898,False
realistic,volume,abnormal_volume,1D,1H,spearman,design,113,-0.020972492397051977,0.23885965519190427,0.3506371412873269,False
realistic,volume,abnormal_volume,1D,4H,spearman,design,113,-0.0024603413792158683,0.22793573050540636,0.9086496711859701,False
realistic,volume,abnormal_volume,1D,12H,spearman,design,113,-0.002933185384074451,0.25657599943088966,0.9032758625585505,False
realistic,volume,abnormal_volume,1D,1D,spearman,design,113,0.008139720722942185,0.21999282983628343,0.6940870479086987,False
realistic,volume,abnormal_volume,1D,1D,pearson,design,113,-0.0030376726656916497,0.23044985116462136,0.8885642523176986,False
realistic,volume,abnormal_volume,1D,3D,spearman,design,113,0.017113710877923596,0.23184819946019464,0.43265487917656786,False
realistic,volume,abnormal_volume,1D,7D,spearman,design,113,0.004690996100349781,0.2621669602973578,0.8491469812344152,False
realistic,volume,abnormal_volume,1D,14D,spearman,design,113,-0.01084002301432916,0.23860417586389435,0.6291397540033052,False
realistic,volume,abnormal_volume,1D,30D,spearman,design,113,-0.0009833602747107198,0.23767822134544545,0.9649197594499039,False
realistic,volume,abnormal_volume,1D,1H,spearman,validation,83,-0.049168100975329886,0.2265464542416001,0.04801151250792253,False
realistic,volume,abnormal_volume,1D,4H,spearman,validation,83,-0.03527493432376121,0.2388699992682294,0.17850386594773027,False
realistic,volume,abnormal_volume,1D,12H,spearman,validation,83,0.009931455143883808,0.24333869909258415,0.7100217698661677,False
realistic,volume,abnormal_volume,1D,1D,spearman,validation,83,-0.00494911978742036,0.2300581700756051,0.8446196045283576,False
realistic,volume,abnormal_volume,1D,1D,pearson,validation,83,0.0022043513451565837,0.22400310377619928,0.9285628019461405,False
realistic,volume,abnormal_volume,1D,3D,spearman,validation,83,-0.019980674578011295,0.25080854483021037,0.46797173554185445,False
realistic,volume,abnormal_volume,1D,7D,spearman,validation,83,-0.003572183470725009,0.25873347849727646,0.8999041054775165,False
realistic,volume,abnormal_volume,1D,14D,spearman,validation,83,-0.00307998912945013,0.24966660255786755,0.9105141619383106,False
realistic,volume,abnormal_volume,1D,30D,spearman,validation,83,0.013802578735996624,0.23520408796759174,0.5929048076108834,False
realistic,volume,abnormal_volume,3D,1H,spearman,design,113,-0.01862060147766605,0.2372148231163941,0.40403742602849413,False
realistic,volume,abnormal_volume,3D,4H,spearman,design,113,-0.005944683415984007,0.22553171958921528,0.7793279319361803,False
realistic,volume,abnormal_volume,3D,12H,spearman,design,113,-0.0033174424870087813,0.2571163848007148,0.8909079732771968,False
realistic,volume,abnormal_volume,3D,1D,spearman,design,113,0.010371060394348708,0.22029798771004333,0.6167654242550185,False
realistic,volume,abnormal_volume,3D,3D,spearman,design,113,0.022986474515283524,0.23298607598489515,0.29428246872582076,False
realistic,volume,abnormal_volume,3D,3D,pearson,design,113,0.02104768206203507,0.23711325315150678,0.34537438618153116,False
realistic,volume,abnormal_volume,3D,7D,spearman,design,113,0.014598116843383833,0.26006271434873607,0.550705923495438,False
realistic,volume,abnormal_volume,3D,14D,spearman,design,113,-0.003829100340648606,0.23900680335595872,0.8647708014156271,False
realistic,volume,abnormal_volume,3D,30D,spearman,design,113,0.0046211311725435425,0.23127221022030697,0.8317913404335384,False
realistic,volume,abnormal_volume,3D,1H,spearman,validation,83,-0.056252075973065196,0.23051961207703328,0.02620535772888579,False
realistic,volume,abnormal_volume,3D,4H,spearman,validation,83,-0.037506416644019686,0.23512836630071074,0.14615503970951713,False
realistic,volume,abnormal_volume,3D,12H,spearman,validation,83,0.003270223752151459,0.23966333964757294,0.9010678261469064,False
realistic,volume,abnormal_volume,3D,1D,spearman,validation,83,-0.01652927499471571,0.23814697898852935,0.5271674710475515,False
realistic,volume,abnormal_volume,3D,3D,spearman,validation,83,-0.020602711598272788,0.2483620439802938,0.4497990495598908,False
realistic,volume,abnormal_volume,3D,3D,pearson,validation,83,-0.0163887765930443,0.2295450508912305,0.5153979818100296,False
realistic,volume,abnormal_volume,3D,7D,spearman,validation,83,-0.008485068091916535,0.2580835632759658,0.7645389974085741,False
realistic,volume,abnormal_volume,3D,14D,spearman,validation,83,-0.0031917142253223437,0.2600970629647485,0.9109848872440093,False
realistic,volume,abnormal_volume,3D,30D,spearman,validation,83,0.009197693027750099,0.24257820401299895,0.7297674629491504,False
realistic,volume,abnormal_volume,7D,1H,spearman,design,113,-0.01643172872316136,0.2302864185107293,0.4481532102365581,False
realistic,volume,abnormal_volume,7D,4H,spearman,design,113,-0.005133930609971052,0.2236789711039456,0.807242031342914,False
realistic,volume,abnormal_volume,7D,12H,spearman,design,113,-0.00012237778203969156,0.24724187107357512,0.9958018511240221,False
realistic,volume,abnormal_volume,7D,1D,spearman,design,113,0.01926993433610054,0.22070693077067688,0.35334604247571266,False
realistic,volume,abnormal_volume,7D,3D,spearman,design,113,0.03029535055754952,0.23038448341498577,0.16215675527511186,False
realistic,volume,abnormal_volume,7D,7D,spearman,design,113,0.01991652739344457,0.25754938195046173,0.41105480280068685,False
realistic,volume,abnormal_volume,7D,7D,pearson,design,113,0.014465515537645557,0.25034564923904046,0.5390614216733723,False
realistic,volume,abnormal_volume,7D,14D,spearman,design,113,-0.0003162187091883822,0.23809974152176822,0.9887359778903227,False
realistic,volume,abnormal_volume,7D,30D,spearman,design,113,0.00665726001625615,0.23826288658330796,0.7664550783364443,False
realistic,volume,abnormal_volume,7D,1H,spearman,validation,83,-0.05922034000664311,0.23909822022065913,0.024039900379577765,False
realistic,volume,abnormal_volume,7D,4H,spearman,validation,83,-0.03522964036597517,0.2379658300499795,0.17741608424516575,False
realistic,volume,abnormal_volume,7D,12H,spearman,validation,83,0.006588761059274694,0.24180464715117572,0.8039458894974645,False
realistic,volume,abnormal_volume,7D,1D,spearman,validation,83,-0.015698885768638458,0.2361063363735752,0.5446744676180727,False
realistic,volume,abnormal_volume,7D,3D,spearman,validation,83,-0.02394842528006763,0.24304142736839005,0.369340575940706,False
realistic,volume,abnormal_volume,7D,7D,spearman,validation,83,-0.012277682157200232,0.25169812644255185,0.6567523783740161,False
realistic,volume,abnormal_volume,7D,7D,pearson,validation,83,-0.0048374690144759825,0.24327324134604955,0.8562417976665428,False
realistic,volume,abnormal_volume,7D,14D,spearman,validation,83,-0.006824289639762054,0.25816409095310267,0.8096911420177176,False
realistic,volume,abnormal_volume,7D,30D,spearman,validation,83,0.012184074644442428,0.23705564100188045,0.6396031085959766,False
realistic,volume,abnormal_volume,14D,1H,spearman,design,113,-0.017010055070001924,0.2317459736955973,0.43524482970634126,False
realistic,volume,abnormal_volume,14D,4H,spearman,design,113,-0.004254682776697081,0.22980947169360172,0.8439793031260434,False
realistic,volume,abnormal_volume,14D,12H,spearman,design,113,-0.002791400677644136,0.24864169337072856,0.9050056869143708,False
realistic,volume,abnormal_volume,14D,1D,spearman,design,113,0.01547782131017289,0.2224040129260086,0.4594295215471197,False
realistic,volume,abnormal_volume,14D,3D,spearman,design,113,0.02438126158707544,0.2320143897913706,0.2639643017652554,False
realistic,volume,abnormal_volume,14D,7D,spearman,design,113,0.0139129382540161,0.25583293142927693,0.5631978086171203,False
realistic,volume,abnormal_volume,14D,14D,spearman,design,113,-0.002855786003269497,0.23618174793189592,0.8977262698408048,False
realistic,volume,abnormal_volume,14D,14D,pearson,design,113,-0.013502520799284828,0.25355920234552887,0.5713421552612887,False
realistic,volume,abnormal_volume,14D,30D,spearman,design,113,0.005228453747591261,0.23858157188754361,0.8157948662717863,False
realistic,volume,abnormal_volume,14D,1H,spearman,validation,83,-0.058978772231784264,0.2385315562559733,0.024282792844637337,False
realistic,volume,abnormal_volume,14D,4H,spearman,validation,83,-0.03717728055077453,0.2378379004377947,0.1544221617080866,False
realistic,volume,abnormal_volume,14D,12H,spearman,validation,83,0.005984841622127612,0.23705666071896953,0.8180869507736581,False
realistic,volume,abnormal_volume,14D,1D,spearman,validation,83,-0.014611830781773714,0.2335872646647599,0.5687492078386777,False
realistic,volume,abnormal_volume,14D,3D,spearman,validation,83,-0.02577528157743757,0.24535204574396183,0.3385218278014197,False
realistic,volume,abnormal_volume,14D,7D,spearman,validation,83,-0.007289307606365308,0.2558407007345418,0.7951949307398378,False
realistic,volume,abnormal_volume,14D,14D,spearman,validation,83,-0.004777002747833447,0.2618376856268447,0.8679901136512267,False
realistic,volume,abnormal_volume,14D,14D,pearson,validation,83,-0.0063939247633908475,0.2321323423682676,0.8018600422122577,False
realistic,volume,abnormal_volume,14D,30D,spearman,validation,83,0.007850952682912095,0.23487568824489516,0.7607277418241465,False
realistic,volume,abnormal_volume,30D,1H,spearman,design,113,-0.015432386275423069,0.2309547531967509,0.4775144819853876,False
realistic,volume,abnormal_volume,30D,4H,spearman,design,113,0.00039110660566043007,0.23459343988303363,0.9858604418709715,False
realistic,volume,abnormal_volume,30D,12H,spearman,design,113,0.00022534863968875953,0.24850358568825426,0.9923087870063987,False
realistic,volume,abnormal_volume,30D,1D,spearman,design,113,0.023012502625642715,0.22499327484883958,0.27692178265000245,False
realistic,volume,abnormal_volume,30D,3D,spearman,design,113,0.02497922317506417,0.2375252007128956,0.2636036578619243,False
realistic,volume,abnormal_volume,30D,7D,spearman,design,113,0.011806716165739712,0.25358071456151254,0.6206428206474344,False
realistic,volume,abnormal_volume,30D,14D,spearman,design,113,-0.007729892143163745,0.23268734577026162,0.7239877672234344,False
realistic,volume,abnormal_volume,30D,30D,spearman,design,113,0.00399645652392304,0.238093240941186,0.8583854932270267,False
realistic,volume,abnormal_volume,30D,30D,pearson,design,113,0.01252952125946471,0.23594468546386416,0.57241429518304,False
realistic,volume,abnormal_volume,30D,1H,spearman,validation,83,-0.06088715765316907,0.2459379810024898,0.02410316317419978,False
realistic,volume,abnormal_volume,30D,4H,spearman,validation,83,-0.041480206540447505,0.24389537294371813,0.12127458591267777,False
realistic,volume,abnormal_volume,30D,12H,spearman,validation,83,0.007878129057583715,0.2406370517501515,0.7655023065829554,False
realistic,volume,abnormal_volume,30D,1D,spearman,validation,83,-0.009194673430564366,0.23749626553904207,0.7243053762905984,False
realistic,volume,abnormal_volume,30D,3D,spearman,validation,83,-0.024168855874626326,0.24780350632130216,0.3742385711461804,False
realistic,volume,abnormal_volume,30D,7D,spearman,validation,83,-0.007500679409366784,0.25647602860691643,0.7899034597091805,False
realistic,volume,abnormal_volume,30D,14D,spearman,validation,83,-0.007349699550080017,0.26073156313004436,0.7973240381232382,False
realistic,volume,abnormal_volume,30D,30D,spearman,validation,83,0.010269650028686177,0.2345845198957078,0.6900133803542104,False
realistic,volume,abnormal_volume,30D,30D,pearson,validation,83,0.018562793782296562,0.22580270435459443,0.45388690354899686,False
realistic,volume,volume_trend,1H,1H,spearman,design,113,-0.01766372594682959,0.23793778406860658,0.4300258639055603,False
realistic,volume,volume_trend,1H,1H,pearson,design,113,-0.023662575769509905,0.24663640490498515,0.30779096444872245,False
realistic,volume,volume_trend,1H,4H,spearman,design,113,0.00808675123519366,0.2233298155781154,0.7002992349337953,False
realistic,volume,volume_trend,1H,12H,spearman,design,113,0.002103482287185954,0.2575045183841903,0.9308029180634789,False
realistic,volume,volume_trend,1H,1D,spearman,design,113,0.014301761692101154,0.23792921468511408,0.5228419510461833,False
realistic,volume,volume_trend,1H,3D,spearman,design,113,0.015528507630346036,0.23986538492395773,0.4913401200160389,False
realistic,volume,volume_trend,1H,7D,spearman,design,113,-0.0003669050293615348,0.2676141094532864,0.9883719051192281,False
realistic,volume,volume_trend,1H,14D,spearman,design,113,-0.016281952930217267,0.2337334828156322,0.45899694731245977,False
realistic,volume,volume_trend,1H,30D,spearman,design,113,-0.004983698183511878,0.2390704076374757,0.8246271190126349,False
realistic,volume,volume_trend,1H,1H,spearman,validation,83,-0.041863695383035894,0.221637413848504,0.08528486655700238,False
realistic,volume,volume_trend,1H,1H,pearson,validation,83,-0.034436593123615224,0.22700197610457712,0.16695065078538518,False
realistic,volume,volume_trend,1H,4H,spearman,validation,83,-0.01426759670259988,0.22760833522913915,0.5679411743603049,False
realistic,volume,volume_trend,1H,12H,spearman,validation,83,0.022927801431289065,0.24376368549811306,0.3914976361128756,False
realistic,volume,volume_trend,1H,1D,spearman,validation,83,-0.008630008756831845,0.24266503336829792,0.7459391238322524,False
realistic,volume,volume_trend,1H,3D,spearman,validation,83,-0.02563034091252226,0.24469600451299822,0.3399522378424178,False
realistic,volume,volume_trend,1H,7D,spearman,validation,83,0.002005012531328326,0.25381480876519075,0.9426274075340445,False
realistic,volume,volume_trend,1H,14D,spearman,validation,83,-0.005800646193797746,0.25312786045165037,0.8346250208868822,False
realistic,volume,volume_trend,1H,30D,spearman,validation,83,-0.005399039768094933,0.21859223652033946,0.8219638288633186,False
realistic,volume,volume_trend,4H,1H,spearman,design,113,-0.01766372594682959,0.23793778406860658,0.4300258639055603,False
realistic,volume,volume_trend,4H,4H,spearman,design,113,0.00808675123519366,0.2233298155781154,0.7002992349337953,False
realistic,volume,volume_trend,4H,4H,pearson,design,113,-0.0043444901248070955,0.237904008397451,0.8460798239417507,False
realistic,volume,volume_trend,4H,12H,spearman,design,113,0.002103482287185954,0.2575045183841903,0.9308029180634789,False
realistic,volume,volume_trend,4H,1D,spearman,design,113,0.014301761692101154,0.23792921468511408,0.5228419510461833,False
realistic,volume,volume_trend,4H,3D,spearman,design,113,0.015528507630346036,0.23986538492395773,0.4913401200160389,False
realistic,volume,volume_trend,4H,7D,spearman,design,113,-0.0003669050293615348,0.2676141094532864,0.9883719051192281,False
realistic,volume,volume_trend,4H,14D,spearman,design,113,-0.016281952930217267,0.2337334828156322,0.45899694731245977,False
realistic,volume,volume_trend,4H,30D,spearman,design,113,-0.004983698183511878,0.2390704076374757,0.8246271190126349,False
realistic,volume,volume_trend,4H,1H,spearman,validation,83,-0.041863695383035894,0.221637413848504,0.08528486655700238,False
realistic,volume,volume_trend,4H,4H,spearman,validation,83,-0.01426759670259988,0.22760833522913915,0.5679411743603049,False
realistic,volume,volume_trend,4H,4H,pearson,validation,83,-0.024113353702421653,0.23001254458649936,0.3395312488937372,False
realistic,volume,volume_trend,4H,12H,spearman,validation,83,0.022927801431289065,0.24376368549811306,0.3914976361128756,False
realistic,volume,volume_trend,4H,1D,spearman,validation,83,-0.008630008756831845,0.24266503336829792,0.7459391238322524,False
realistic,volume,volume_trend,4H,3D,spearman,validation,83,-0.02563034091252226,0.24469600451299822,0.3399522378424178,False
realistic,volume,volume_trend,4H,7D,spearman,validation,83,0.002005012531328326,0.25381480876519075,0.9426274075340445,False
realistic,volume,volume_trend,4H,14D,spearman,validation,83,-0.005800646193797746,0.25312786045165037,0.8346250208868822,False
realistic,volume,volume_trend,4H,30D,spearman,validation,83,-0.005399039768094933,0.21859223652033946,0.8219638288633186,False
realistic,volume,volume_trend,12H,1H,spearman,design,113,-0.00873014785793218,0.24498538663916614,0.7048294751014341,False
realistic,volume,volume_trend,12H,4H,spearman,design,113,0.010074020292793416,0.22139350170793692,0.6285979344477595,False
realistic,volume,volume_trend,12H,12H,spearman,design,113,0.011058065517776732,0.24980826721681446,0.6379576351399299,False
realistic,volume,volume_trend,12H,12H,pearson,design,113,-0.003887521182857803,0.25823921301287256,0.8728608105306643,False
realistic,volume,volume_trend,12H,1D,spearman,design,113,0.023410230417271704,0.22639451602050623,0.27167831378958196,False
realistic,volume,volume_trend,12H,3D,spearman,design,113,0.02441117108231276,0.23094418519391766,0.26117279266896076,False
realistic,volume,volume_trend,12H,7D,spearman,design,113,0.008146570225668287,0.26860502001013226,0.747146946188411,False
realistic,volume,volume_trend,12H,14D,spearman,design,113,-0.013814990365032835,0.23500946558755403,0.532042426403543,False
realistic,volume,volume_trend,12H,30D,spearman,design,113,-0.00034909632227366806,0.24569663292696747,0.9879493953102237,False
realistic,volume,volume_trend,12H,1H,spearman,validation,83,-0.04355768940423347,0.22568511444650044,0.07869097750414068,False
realistic,volume,volume_trend,12H,4H,spearman,validation,83,-0.01178548781592535,0.2222358967152608,0.6289968044197823,False
realistic,volume,volume_trend,12H,12H,spearman,validation,83,0.016025002264697896,0.23701452930260178,0.5379118718248685,False
realistic,volume,volume_trend,12H,12H,pearson,validation,83,0.013870907672991128,0.22789896603570123,0.5792366865421554,False
realistic,volume,volume_trend,12H,1D,spearman,validation,83,-0.00872361626958964,0.2397352235602175,0.7402551851298813,False
realistic,volume,volume_trend,12H,3D,spearman,validation,83,-0.005193707159464929,0.2473822514016058,0.8483136808812803,False
realistic,volume,volume_trend,12H,7D,spearman,validation,83,0.013899205845940156,0.23507783394931153,0.5901192311193226,False
realistic,volume,volume_trend,12H,14D,spearman,validation,83,0.014714497086088714,0.24743469511991287,0.5879692932581748,False
realistic,volume,volume_trend,12H,30D,spearman,validation,83,0.013554971766766307,0.23215763520835947,0.5947743021955172,False
realistic,volume,volume_trend,1D,1H,spearman,design,113,0.013163146022265445,0.24147617762279439,0.562277779662358,False
realistic,volume,volume_trend,1D,4H,spearman,design,113,0.0053092778797592605,0.22508180997754024,0.8020103751462591,False
realistic,volume,volume_trend,1D,12H,spearman,design,113,0.0035115117309150053,0.25216930325546477,0.8823214091340967,False
realistic,volume,volume_trend,1D,1D,spearman,design,113,0.01362297597194444,0.22437469412350922,0.5186599376288861,False
realistic,volume,volume_trend,1D,1D,pearson,design,113,0.01434163025843436,0.22139634060153213,0.4910747347626542,False
realistic,volume,volume_trend,1D,3D,spearman,design,113,0.02096724111162863,0.23119341783610187,0.33501475270842895,False
realistic,volume,volume_trend,1D,7D,spearman,design,113,0.00737965423710239,0.25901149372316606,0.7619889656725197,False
realistic,volume,volume_trend,1D,14D,spearman,design,113,-0.012699663004465877,0.24484818793662974,0.5813875518690521,False
realistic,volume,volume_trend,1D,30D,spearman,design,113,-0.003062412668840246,0.24911930817090802,0.8960316870367255,False
realistic,volume,volume_trend,1D,1H,spearman,validation,83,-0.022710390433916115,0.24508881641118038,0.3985632971050298,False
realistic,volume,volume_trend,1D,4H,spearman,validation,83,-0.010194160099042787,0.23212683135803486,0.68908517011357,False
realistic,volume,volume_trend,1D,12H,spearman,validation,83,0.01194552646676933,0.2207093016574788,0.6219509943119743,False
realistic,volume,volume_trend,1D,1D,spearman,validation,83,-0.004595826916689316,0.2291675792424891,0.8550297892317494,False
realistic,volume,volume_trend,1D,1D,pearson,validation,83,-0.005836842303482487,0.22235923255730586,0.8109929207216451,False
realistic,volume,volume_trend,1D,3D,spearman,validation,83,-0.00012380348461515152,0.24709227661639457,0.9963579047685239,False
realistic,volume,volume_trend,1D,7D,spearman,validation,83,0.020361143823413957,0.21982933809613917,0.39876375281836507,False
realistic,volume,volume_trend,1D,14D,spearman,validation,83,0.022018902678382708,0.2489164073195768,0.42030047030526285,False
realistic,volume,volume_trend,1D,30D,spearman,validation,83,0.02930821028474801,0.22983117194292368,0.2453297118713651,False
realistic,volume,volume_trend,3D,1H,spearman,design,113,0.0366930144204864,0.24472354934336973,0.11097012580061948,False
realistic,volume,volume_trend,3D,4H,spearman,design,113,0.005399919632501348,0.23264675136424318,0.8051138604088537,False
realistic,volume,volume_trend,3D,12H,spearman,design,113,-0.0047147410431336075,0.25815425127813624,0.8460652961813747,False
realistic,volume,volume_trend,3D,1D,spearman,design,113,0.019271304236645755,0.24240670471079584,0.39805761569409115,False
realistic,volume,volume_trend,3D,3D,spearman,design,113,0.032915741983798645,0.22252479860507432,0.11585662328922969,False
realistic,volume,volume_trend,3D,3D,pearson,design,113,0.017493691175337885,0.22914252198516805,0.4170502064489978,False
realistic,volume,volume_trend,3D,7D,spearman,design,113,0.008722156771418393,0.2521688589128631,0.7131108135239683,False
realistic,volume,volume_trend,3D,14D,spearman,design,113,-0.02111359215320968,0.27572554925481657,0.4156450213451117,False
realistic,volume,volume_trend,3D,30D,spearman,design,113,0.0031984894563321367,0.2545489544512402,0.8937416591552763,False
realistic,volume,volume_trend,3D,1H,spearman,validation,83,-0.01647492224537247,0.2569083085930366,0.5590652040232404,False
realistic,volume,volume_trend,3D,4H,spearman,validation,83,-0.023854817767309838,0.24147830939785822,0.3681263015868651,False
realistic,volume,volume_trend,3D,12H,spearman,validation,83,-0.002744813841833506,0.23632589983638003,0.9157304141394218,False
realistic,volume,volume_trend,3D,1D,spearman,validation,83,-0.012784974484403777,0.231824738109981,0.6153621754162036,False
realistic,volume,volume_trend,3D,3D,spearman,validation,83,0.02382764139263822,0.22929895509136913,0.34378539417399256,False
realistic,volume,volume_trend,3D,3D,pearson,validation,83,0.016445024559523166,0.2228546316065531,0.5014037682192121,False
realistic,volume,volume_trend,3D,7D,spearman,validation,83,0.005767430624754663,0.20531031054036794,0.7980096813262264,False
realistic,volume,volume_trend,3D,14D,spearman,validation,83,0.01873358094030256,0.24870487930409513,0.492562263261376,False
realistic,volume,volume_trend,3D,30D,spearman,validation,83,0.03434791798774042,0.22474656440909183,0.1638183950020764,False
realistic,volume,volume_trend,7D,1H,spearman,design,113,0.011870644857849985,0.24880032372346908,0.6120281388785134,False
realistic,volume,volume_trend,7D,4H,spearman,design,113,0.0023895631843794765,0.2485122084449352,0.918586885177506,False
realistic,volume,volume_trend,7D,12H,spearman,design,113,-0.01783542014849722,0.2598789857560508,0.465669052536017,False
realistic,volume,volume_trend,7D,1D,spearman,design,113,0.02324515740157265,0.25861112546192605,0.3393317809556994,False
realistic,volume,volume_trend,7D,3D,spearman,design,113,0.020114478022228908,0.23741863557278572,0.36779966551889265,False
realistic,volume,volume_trend,7D,7D,spearman,design,113,-0.002588198763436436,0.2753994909087581,0.9204222141246738,False
realistic,volume,volume_trend,7D,7D,pearson,design,113,-0.002712996797246058,0.27563285836182816,0.9166691624350504,False
realistic,volume,volume_trend,7D,14D,spearman,design,113,-0.022925057307506137,0.28081326463724415,0.3854902772214551,False
realistic,volume,volume_trend,7D,30D,spearman,design,113,0.0010740020274528051,0.26256319725455174,0.9653172363310577,False
realistic,volume,volume_trend,7D,1H,spearman,validation,83,-0.023178427997705104,0.26410720510016567,0.4239746105233123,False
realistic,volume,volume_trend,7D,4H,spearman,validation,83,-0.033602077482863785,0.2551680701190419,0.2302492327103599,False
realistic,volume,volume_trend,7D,12H,spearman,validation,83,-0.018676208593773592,0.2587491236564513,0.5108077783206701,False
realistic,volume,volume_trend,7D,1D,spearman,validation,83,-0.01308089500860586,0.24461711066668068,0.6261306001260509,False
realistic,volume,volume_trend,7D,3D,spearman,validation,83,0.00865416553431772,0.23832509981549171,0.7407788973792091,False
realistic,volume,volume_trend,7D,7D,spearman,validation,83,-0.008823262976718904,0.21259762487990982,0.7053542491116978,False
realistic,volume,volume_trend,7D,7D,pearson,validation,83,-0.01679995031480067,0.20747996660450532,0.4607059704484677,False
realistic,volume,volume_trend,7D,14D,spearman,validation,83,0.008554518827188445,0.2519882617543648,0.7571071971815146,False
realistic,volume,volume_trend,7D,30D,spearman,validation,83,0.01572002294893861,0.24943400577192104,0.5658562896042153,False
realistic,volume,volume_trend,14D,1H,spearman,design,113,0.0012824552270838487,0.24637247589278707,0.9558726617990568,False
realistic,volume,volume_trend,14D,4H,spearman,design,113,0.014754970455811577,0.2415072955013697,0.5160460179896543,False
realistic,volume,volume_trend,14D,12H,spearman,design,113,-0.028296893978830475,0.2661725262843962,0.25843640539476476,False
realistic,volume,volume_trend,14D,1D,spearman,design,113,0.01558353196891239,0.25697808528223764,0.519168416562871,False
realistic,volume,volume_trend,14D,3D,spearman,design,113,-0.00482364813647862,0.2574401375800557,0.8421245067651633,False
realistic,volume,volume_trend,14D,7D,spearman,design,113,-0.020731161584335633,0.2767247795492544,0.4258170985292894,False
realistic,volume,volume_trend,14D,14D,spearman,design,113,-0.019831593559640905,0.26133726614646596,0.41985707629890834,False
realistic,volume,volume_trend,14D,14D,pearson,design,113,-0.02523000247005386,0.2524190416639347,0.2880026943184243,False
realistic,volume,volume_trend,14D,30D,spearman,design,113,0.022565458414385786,0.2204505791387425,0.27654728324690003,False
realistic,volume,volume_trend,14D,1H,spearman,validation,83,-0.017652565147809284,0.2522720304067951,0.5238015255568716,False
realistic,volume,volume_trend,14D,4H,spearman,validation,83,-0.014947006069390334,0.26167218803243103,0.6027861433282313,False
realistic,volume,volume_trend,14D,12H,spearman,validation,83,-0.0024398345260742303,0.2732849333464491,0.935174608031479,False
realistic,volume,volume_trend,14D,1D,spearman,validation,83,-0.003481595555152941,0.23759741861456346,0.893799329991978,False
realistic,volume,volume_trend,14D,3D,spearman,validation,83,-0.004082495395114284,0.2364199964048208,0.8749936278056238,False
realistic,volume,volume_trend,14D,7D,spearman,validation,83,-0.0059455868587130496,0.21337749560926977,0.7996078343309814,False
realistic,volume,volume_trend,14D,14D,spearman,validation,83,6.643113808618088e-05,0.23438424728446375,0.9979397406300565,False
realistic,volume,volume_trend,14D,14D,pearson,validation,83,-0.02358692590959257,0.2299782875805047,0.35010788941079596,False
realistic,volume,volume_trend,14D,30D,spearman,validation,83,-0.016384334329800413,0.23748344675432012,0.5296487514595953,False
realistic,volume,volume_trend,30D,1H,spearman,design,113,0.0049085819702822915,0.2285151315092491,0.8193826210327476,False
realistic,volume,volume_trend,30D,4H,spearman,design,113,0.028566079435966278,0.23492644828152107,0.19615582849761737,False
realistic,volume,volume_trend,30D,12H,spearman,design,113,-0.036188662703087765,0.2482771184127535,0.12127573000715602,False
realistic,volume,volume_trend,30D,1D,spearman,design,113,-0.0027998483976729967,0.2668242175183751,0.9111845121236344,False
realistic,volume,volume_trend,30D,3D,spearman,design,113,-0.027873594710357358,0.2631583538733667,0.26019114336779436,False
realistic,volume,volume_trend,30D,7D,spearman,design,113,-0.03644574737207412,0.2566544711125945,0.13116738926708021,False
realistic,volume,volume_trend,30D,14D,spearman,design,113,0.00031850187676374717,0.2657401549573766,0.9898346497811024,False
realistic,volume,volume_trend,30D,30D,spearman,design,113,0.04854607888800607,0.2083723069719628,0.013264573744176921,False
realistic,volume,volume_trend,30D,30D,pearson,design,113,0.04146795253427199,0.17370381209792804,0.01115795195707385,False
realistic,volume,volume_trend,30D,1H,spearman,validation,83,-0.02588700667330978,0.24202051182133036,0.3298229679091589,False
realistic,volume,volume_trend,30D,4H,spearman,validation,83,-0.009982788296041307,0.25754339463979553,0.723987400633192,False
realistic,volume,volume_trend,30D,12H,spearman,validation,83,0.0039707702992420775,0.24890534174500456,0.8844439041022226,False
realistic,volume,volume_trend,30D,1D,spearman,validation,83,0.009747259715553952,0.239878800450706,0.7112377307823469,False
realistic,volume,volume_trend,30D,3D,spearman,validation,83,0.0006492133949331242,0.22534667030769787,0.9790605354103705,False
realistic,volume,volume_trend,30D,7D,spearman,validation,83,0.023616269589636738,0.19590675508570535,0.2720956466364822,False
realistic,volume,volume_trend,30D,14D,spearman,validation,83,0.011571096415738143,0.22260430699585493,0.6358098292110579,False
realistic,volume,volume_trend,30D,30D,spearman,validation,83,-0.0072258960654648695,0.19456905535463134,0.7351048460064484,False
realistic,volume,volume_trend,30D,30D,pearson,validation,83,-0.034960661834189874,0.18888506022493734,0.09174831480841536,False
realistic,volatility,realized_volatility,1H,1H,spearman,design,113,-0.000558919422449927,0.24376254715873713,0.9805545272287263,False
realistic,volatility,realized_volatility,1H,1H,pearson,design,113,-0.012093436674212725,0.24187945482614723,0.5950836119079428,False
realistic,volatility,realized_volatility,1H,4H,spearman,design,113,-0.016801373553613334,0.2394997743547232,0.4558333483562965,False
realistic,volatility,realized_volatility,1H,12H,spearman,design,113,-0.02342118962163347,0.2268483954155948,0.2724141238191996,False
realistic,volatility,realized_volatility,1H,1D,spearman,design,113,0.004508114377562853,0.24667125123080338,0.8459610173810052,False
realistic,volatility,realized_volatility,1H,3D,spearman,design,113,0.0012128186160351442,0.258923414039917,0.9602877599030694,False
realistic,volatility,realized_volatility,1H,7D,spearman,design,113,0.005693763299451127,0.2700013707624274,0.8226269659755232,False
realistic,volatility,realized_volatility,1H,14D,spearman,design,113,0.021185511931833757,0.26249862065436075,0.39093187622151615,False
realistic,volatility,realized_volatility,1H,30D,spearman,design,113,0.010119911961058289,0.24902076106160342,0.6657438327759222,False
realistic,volatility,realized_volatility,1H,1H,spearman,validation,83,-0.03682096808285774,0.2585371788429448,0.1944552225049383,False
realistic,volatility,realized_volatility,1H,1H,pearson,validation,83,-0.023254163441798273,0.2541305805454439,0.40447923276106934,False
realistic,volatility,realized_volatility,1H,4H,spearman,validation,83,0.013228855270706882,0.2678864857156302,0.6527866462098286,False
realistic,volatility,realized_volatility,1H,12H,spearman,validation,83,0.027831627260923388,0.23958518214556515,0.2899088139428715,False
realistic,volatility,realized_volatility,1H,1D,spearman,validation,83,0.03203188694628136,0.2131687912312112,0.17100469583711675,False
realistic,volatility,realized_volatility,1H,3D,spearman,validation,83,0.014279675091342812,0.22907939963335583,0.5701033450602895,False
realistic,volatility,realized_volatility,1H,7D,spearman,validation,83,0.01797264244949723,0.22915672633979708,0.474901644268408,False
realistic,volatility,realized_volatility,1H,14D,spearman,validation,83,0.01995953739771114,0.22722212306369038,0.4235518534838464,False
realistic,volatility,realized_volatility,1H,30D,spearman,validation,83,0.03150043784159192,0.2617011394877856,0.27281432041464393,False
realistic,volatility,realized_volatility,4H,1H,spearman,design,113,0.03413814990365033,0.25353129491998805,0.1523282446113733,False
realistic,volatility,realized_volatility,4H,4H,spearman,design,113,-0.007280336447573904,0.24105429033033232,0.7481707458172554,False
realistic,volatility,realized_volatility,4H,4H,pearson,design,113,-0.015852397285032134,0.23243357492566885,0.46845479439617954,False
realistic,volatility,realized_volatility,4H,12H,spearman,design,113,-0.010254390531247427,0.24902501440460892,0.6615821738709107,False
realistic,volatility,realized_volatility,4H,1D,spearman,design,113,0.010028585258043598,0.23660997812073736,0.6523117835912123,False
realistic,volatility,realized_volatility,4H,3D,spearman,design,113,0.016380585769473145,0.2705151746114225,0.5197762300637272,False
realistic,volatility,realized_volatility,4H,7D,spearman,design,113,0.002096632784459859,0.24964120106379814,0.9288608342342808,False
realistic,volatility,realized_volatility,4H,14D,spearman,design,113,-0.0011377024028055593,0.254850667667993,0.962150582192125,False
realistic,volatility,realized_volatility,4H,30D,spearman,design,113,0.004330940573714355,0.22763015512900983,0.8397201498688265,False
realistic,volatility,realized_volatility,4H,1H,spearman,validation,83,-0.005178609173536252,0.2550947156302108,0.8532694607053412,False
realistic,volatility,realized_volatility,4H,4H,spearman,validation,83,-0.02709786514478969,0.23250680765398135,0.2883312312425039,False
realistic,volatility,realized_volatility,4H,4H,pearson,validation,83,-0.01138394618554706,0.23680563582566794,0.6614113329913675,False
realistic,volatility,realized_volatility,4H,12H,spearman,validation,83,0.02016487000634115,0.23756434517837166,0.4393393747102833,False
realistic,volatility,realized_volatility,4H,1D,spearman,validation,83,0.035573874445149006,0.23761135353722118,0.1725787795781193,False
realistic,volatility,realized_volatility,4H,3D,spearman,validation,83,0.02155992390615092,0.20887412789638896,0.34702463549502127,False
realistic,volatility,realized_volatility,4H,7D,spearman,validation,83,0.03229761149862608,0.19034698779580458,0.12214415731948303,False
realistic,volatility,realized_volatility,4H,14D,spearman,validation,83,0.041202403599359845,0.2260817148901316,0.09684674294792234,False
realistic,volatility,realized_volatility,4H,30D,spearman,validation,83,0.021895099193767555,0.22155458512325207,0.3679408009841235,False
realistic,volatility,realized_volatility,12H,1H,spearman,design,113,0.022509749125546815,0.26104164097331967,0.35932989954458383,False
realistic,volatility,realized_volatility,12H,4H,spearman,design,113,0.014077098002685001,0.2553831547474231,0.5579095238190649,False
realistic,volatility,realized_volatility,12H,12H,spearman,design,113,0.02806264098559777,0.25624180307672634,0.24435362995392085,False
realistic,volatility,realized_volatility,12H,12H,pearson,design,113,0.018517296582410626,0.25431393312853695,0.43892479547974983,False
realistic,volatility,realized_volatility,12H,1D,spearman,design,113,0.016227385225165997,0.23904501346367843,0.47052863208949636,False
realistic,volatility,realized_volatility,12H,3D,spearman,design,113,0.02649068010995735,0.24983693501756088,0.2596856805888029,False
realistic,volatility,realized_volatility,12H,7D,spearman,design,113,0.00808149994977031,0.23559172449024363,0.7153758536321682,False
realistic,volatility,realized_volatility,12H,14D,spearman,design,113,0.016975807556371406,0.2404161502201936,0.4528960572300307,False
realistic,volatility,realized_volatility,12H,30D,spearman,design,113,0.006788542151839777,0.22426078298759036,0.7476174810947498,False
realistic,volatility,realized_volatility,12H,1H,spearman,validation,83,0.02606214331008243,0.25232044040605256,0.34669695638173303,False
realistic,volatility,realized_volatility,12H,4H,spearman,validation,83,-0.0021590119878008335,0.21579643068086912,0.9273745427385122,False
realistic,volatility,realized_volatility,12H,12H,spearman,validation,83,0.01960926412416583,0.22706903069453999,0.43142219849271746,False
realistic,volatility,realized_volatility,12H,12H,pearson,validation,83,0.02510531045082725,0.23101888359415065,0.32214964326350093,False
realistic,volatility,realized_volatility,12H,1D,spearman,validation,83,0.031914122656037686,0.2383509016846821,0.22252309951871285,False
realistic,volatility,realized_volatility,12H,3D,spearman,validation,83,0.022166862940483745,0.22950848022355788,0.37890116085070047,False
realistic,volatility,realized_volatility,12H,7D,spearman,validation,83,0.048238065042123385,0.2392728584820246,0.06625590626055686,False
realistic,volatility,realized_volatility,12H,14D,spearman,validation,83,0.03211039647311048,0.23648168558964097,0.21606857540311497,False
realistic,volatility,realized_volatility,12H,30D,spearman,validation,83,0.037150104176102906,0.24801084537332874,0.1723560368474818,False
realistic,volatility,realized_volatility,1D,1H,spearman,design,113,-0.0018916043361918568,0.26727888092838653,0.9400298111824591,False
realistic,volatility,realized_volatility,1D,4H,spearman,design,113,-0.0027114898125062833,0.25062358830998693,0.9084393679182631,False
realistic,volatility,realized_volatility,1D,12H,spearman,design,113,-0.0034941596573422108,0.24091454890517827,0.8774703591600923,False
realistic,volatility,realized_volatility,1D,1D,spearman,design,113,-0.0021941240399280296,0.250596989139468,0.9258454248285135,False
realistic,volatility,realized_volatility,1D,1D,pearson,design,113,-0.015791420428573365,0.23939303849274668,0.48317116404697935,False
realistic,volatility,realized_volatility,1D,3D,spearman,design,113,0.02379037781857037,0.24382814294784097,0.2996490879785827,False
realistic,volatility,realized_volatility,1D,7D,spearman,design,113,-0.0040795638236664055,0.23068443474059355,0.8508845194565887,False
realistic,volatility,realized_volatility,1D,14D,spearman,design,113,0.006144460578828641,0.23446414215160122,0.7805688286443158,False
realistic,volatility,realized_volatility,1D,30D,spearman,design,113,0.013675945459692961,0.2320552883244085,0.5310021366109465,False
realistic,volatility,realized_volatility,1D,1H,spearman,validation,83,0.03870217712957091,0.22094587056931259,0.11052517108362239,False
realistic,volatility,realized_volatility,1D,4H,spearman,validation,83,0.0215840806836368,0.24160416981368288,0.4157053243180855,False
realistic,volatility,realized_volatility,1D,12H,spearman,validation,83,0.022166862940483735,0.24630829078012437,0.4122694946588783,False
realistic,volatility,realized_volatility,1D,1D,spearman,validation,83,0.04800857565600748,0.2646812140849782,0.0984378724755809,False
realistic,volatility,realized_volatility,1D,1D,pearson,validation,83,0.03718670826549848,0.2496371378148085,0.17474374226574374,False
realistic,volatility,realized_volatility,1D,3D,spearman,validation,83,0.03198659298849533,0.2513233108505923,0.24624862424956473,False
realistic,volatility,realized_volatility,1D,7D,spearman,validation,83,0.021611257058308422,0.24830931728577427,0.42782795821574304,False
realistic,volatility,realized_volatility,1D,14D,spearman,validation,83,0.026445632152670838,0.24385677287007754,0.32315127531547394,False
realistic,volatility,realized_volatility,1D,30D,spearman,validation,83,0.039635232659963146,0.2695453734929795,0.1803619417002743,False
realistic,volatility,realized_volatility,3D,1H,spearman,design,113,-0.00447523676447757,0.24101938113510338,0.8435301342993475,False
realistic,volatility,realized_volatility,3D,4H,spearman,design,113,-0.00021621596938728964,0.2595784134962161,0.9929353150075051,False
realistic,volatility,realized_volatility,3D,12H,spearman,design,113,0.008440185575860527,0.22587510101162975,0.691210798488715,False
realistic,volatility,realized_volatility,3D,1D,spearman,design,113,0.014445144615834227,0.23625730875437423,0.5157284682552167,False
realistic,volatility,realized_volatility,3D,3D,spearman,design,113,0.017899805474122576,0.24968534584729069,0.44601863143868337,False
realistic,volatility,realized_volatility,3D,3D,pearson,design,113,0.003240595224056631,0.24888234085446176,0.8899157751877125,False
realistic,volatility,realized_volatility,3D,7D,spearman,design,113,0.018581330995369728,0.22764175404986042,0.3855645805675951,False
realistic,volatility,realized_volatility,3D,14D,spearman,design,113,0.027235677689799717,0.23165401665144322,0.2113757153040503,False
realistic,volatility,realized_volatility,3D,30D,spearman,design,113,0.019166735161693926,0.23093484579269055,0.377634788200123,False
realistic,volatility,realized_volatility,3D,1H,spearman,validation,83,0.04045656309448319,0.22843469364489818,0.1066383439603302,False
realistic,volatility,realized_volatility,3D,4H,spearman,validation,83,-0.001138388139022255,0.23195121502879246,0.964336157986476,False
realistic,volatility,realized_volatility,3D,12H,spearman,validation,83,-0.00448108222363138,0.26788377017940557,0.8788740614573392,False
realistic,volatility,realized_volatility,3D,1D,spearman,validation,83,0.02331732946824893,0.24526573483803668,0.3864211768768846,False
realistic,volatility,realized_volatility,3D,3D,spearman,validation,83,0.035341365461847386,0.23133630939489874,0.16398128455619243,False
realistic,volatility,realized_volatility,3D,3D,pearson,validation,83,0.026153512842157913,0.22710002099463975,0.29409317127230294,False
realistic,volatility,realized_volatility,3D,7D,spearman,validation,83,0.019594166138237164,0.25249304123477095,0.4795695075785591,False
realistic,volatility,realized_volatility,3D,14D,spearman,validation,83,0.03344505842920554,0.2298462528168374,0.18495090086833055,False
realistic,volatility,realized_volatility,3D,30D,spearman,validation,83,0.0521695805779509,0.2682478922543524,0.07642412070757632,False
realistic,volatility,realized_volatility,7D,1H,spearman,design,113,0.0009064175274208489,0.2466068865656482,0.9688332232355723,False
realistic,volatility,realized_volatility,7D,4H,spearman,design,113,-0.017169420166762567,0.2515820458604614,0.4681680987920488,False
realistic,volatility,realized_volatility,7D,12H,spearman,design,113,0.005051051626985219,0.24388741088197666,0.8257492206464568,False
realistic,volatility,realized_volatility,7D,1D,spearman,design,113,0.018491830826415347,0.21739136261792963,0.3658757328767076,False
realistic,volatility,realized_volatility,7D,3D,spearman,design,113,0.042623085563988056,0.21731332131974884,0.03707291815121653,False
realistic,volatility,realized_volatility,7D,7D,spearman,design,113,0.06070303295980711,0.1884163487531291,0.0006153269110069753,True
realistic,volatility,realized_volatility,7D,7D,pearson,design,113,0.06838058668777737,0.213813200787677,0.0006746574487429867,True
realistic,volatility,realized_volatility,7D,14D,spearman,design,113,0.04967259376969232,0.2297772909622157,0.021562111126398498,False
realistic,volatility,realized_volatility,7D,30D,spearman,design,113,0.07627857384220572,0.24037358859217492,0.0007427282909666893,True
realistic,volatility,realized_volatility,7D,1H,spearman,validation,83,0.022345019174442135,0.23423097100925627,0.3847861881819672,False
realistic,volatility,realized_volatility,7D,4H,spearman,validation,83,-0.022224235287012718,0.25172041116949084,0.42119233043519233,False
realistic,volatility,realized_volatility,7D,12H,spearman,validation,83,0.009508711537880842,0.23082086298168067,0.7074328074677163,False
realistic,volatility,realized_volatility,7D,1D,spearman,validation,83,0.02829060603315517,0.23495525028560985,0.2726529692358681,False
realistic,volatility,realized_volatility,7D,3D,spearman,validation,83,0.02191019717969623,0.2682168742813009,0.45674556899791985,False
realistic,volatility,realized_volatility,7D,7D,spearman,validation,83,0.03660657668267054,0.23305210882666647,0.1524250284347237,False
realistic,volatility,realized_volatility,7D,7D,pearson,validation,83,0.05086861167232074,0.25185737424448223,0.06575801390363753,False
realistic,volatility,realized_volatility,7D,14D,spearman,validation,83,0.02884017272095903,0.2251101105242943,0.2431332751875297,False
realistic,volatility,realized_volatility,7D,30D,spearman,validation,83,0.08220853338164688,0.2925870729919771,0.01047416935930384,False
realistic,volatility,realized_volatility,14D,1H,spearman,design,113,-0.012755143976547305,0.26318501985329507,0.6064235749600806,False
realistic,volatility,realized_volatility,14D,4H,spearman,design,113,-0.021417253440733537,0.2511618459358314,0.3646916688914418,False
realistic,volatility,realized_volatility,14D,12H,spearman,design,113,-0.012343260545951034,0.25652083690760236,0.6090003025299057,False
realistic,volatility,realized_volatility,14D,1D,spearman,design,113,0.017558243604847625,0.2209094817283223,0.39816599549229237,False
realistic,volatility,realized_volatility,14D,3D,spearman,design,113,0.04256258162324081,0.2198924824809807,0.03963043551054502,False
realistic,volatility,realized_volatility,14D,7D,spearman,design,113,0.050209138149903645,0.2282018881390096,0.019343090522590194,False
realistic,volatility,realized_volatility,14D,14D,spearman,design,113,0.02792610756459081,0.24955035739607642,0.23421390376248918,False
realistic,volatility,realized_volatility,14D,14D,pearson,design,113,0.05038743108152029,0.2519154607688233,0.033485590278154245,False
realistic,volatility,realized_volatility,14D,30D,spearman,design,113,0.08683205932582629,0.23576440585259217,9.037274085412538e-05,True
realistic,volatility,realized_volatility,14D,1H,spearman,validation,83,0.027659510221336475,0.21629438024873454,0.2440055603992597,False
realistic,volatility,realized_volatility,14D,4H,spearman,validation,83,0.011894193314611836,0.2666748485046453,0.6844911451934027,False
realistic,volatility,realized_volatility,14D,12H,spearman,validation,83,0.01825044539058489,0.22805526950434107,0.46595558526168224,False
realistic,volatility,realized_volatility,14D,1D,spearman,validation,83,0.03750037744964821,0.21487035092276296,0.11183392386515147,False
realistic,volatility,realized_volatility,14D,3D,spearman,validation,83,0.02456442310595767,0.2227792415494944,0.31511432315589405,False
realistic,volatility,realized_volatility,14D,7D,spearman,validation,83,0.017368723012350155,0.23881415470737513,0.5075912273507242,False
realistic,volatility,realized_volatility,14D,14D,spearman,validation,83,0.007875109460397982,0.25570503938661093,0.7790327325898818,False
realistic,volatility,realized_volatility,14D,14D,pearson,validation,83,-0.012597196742216897,0.26887435160385953,0.6694969643196362,False
realistic,volatility,realized_volatility,14D,30D,spearman,validation,83,0.1336473714406498,0.22793435546293053,9.201532586105078e-08,True
realistic,volatility,realized_volatility,30D,1H,spearman,design,113,0.010053700101372643,0.229309632095429,0.6411717706294771,False
realistic,volatility,realized_volatility,30D,4H,spearman,design,113,-0.006620957651807813,0.24995977000472971,0.77827148893976,False
realistic,volatility,realized_volatility,30D,12H,spearman,design,113,-0.004358795218133834,0.2553871285994364,0.8560308659164277,False
realistic,volatility,realized_volatility,30D,1D,spearman,design,113,0.019169703279541907,0.2158426635591999,0.34511930124086265,False
realistic,volatility,realized_volatility,30D,3D,spearman,design,113,0.054062896700366216,0.20712265206747138,0.005525818395627521,False
realistic,volatility,realized_volatility,30D,7D,spearman,design,113,0.07058640876005737,0.21846440453044677,0.0005933692027272344,True
realistic,volatility,realized_volatility,30D,14D,spearman,design,113,0.042837474999315055,0.25942173869790663,0.07920429800095709,False
realistic,volatility,realized_volatility,30D,30D,spearman,design,113,0.12797702220152152,0.2048134252814513,3.090078536052929e-11,True
realistic,volatility,realized_volatility,30D,30D,pearson,design,113,0.13256554167136125,0.24274789730120228,6.4303533300238095e-09,True
realistic,volatility,realized_volatility,30D,1H,spearman,validation,83,0.019793459552495698,0.2428502980667794,0.45775788613648183,False
realistic,volatility,realized_volatility,30D,4H,spearman,validation,83,-0.015732101337681548,0.26543729240896907,0.5892226854238425,False
realistic,volatility,realized_volatility,30D,12H,spearman,validation,83,-0.00981369085364012,0.21680318235322854,0.6800552332883959,False
realistic,volatility,realized_volatility,30D,1D,spearman,validation,83,0.024259443790198395,0.19130314310021307,0.24796432177763594,False
realistic,volatility,realized_volatility,30D,3D,spearman,validation,83,0.028595585348914453,0.19629247423967672,0.18444453869203048,False
realistic,volatility,realized_volatility,30D,7D,spearman,validation,83,0.06441706676329377,0.17601086868617927,0.0008552421023092899,True
realistic,volatility,realized_volatility,30D,14D,spearman,validation,83,0.0969894616058218,0.16046552536331077,3.6587439070951966e-08,True
realistic,volatility,realized_volatility,30D,30D,spearman,validation,83,0.18214512184074644,0.13546200985974977,1.678214757029625e-34,True
realistic,volatility,realized_volatility,30D,30D,pearson,validation,83,0.17132840751324016,0.10972661889436605,6.397984586799115e-46,True
realistic,volatility,volatility_expansion,1H,1H,spearman,design,113,-0.015665726001625614,0.2540487541090924,0.5121459032722276,False
realistic,volatility,volatility_expansion,1H,1H,pearson,design,113,-0.030729039556532688,0.25086818027042906,0.19288395581505047,False
realistic,volatility,volatility_expansion,1H,4H,spearman,design,113,-0.02015397682128277,0.23708169857283012,0.36617915057345773,False
realistic,volatility,volatility_expansion,1H,12H,spearman,design,113,-0.029026366019160338,0.23090469748966697,0.1814561098200672,False
realistic,volatility,volatility_expansion,1H,1D,spearman,design,113,-0.005401746166561632,0.23559710891533875,0.8074423501871699,False
realistic,volatility,volatility_expansion,1H,3D,spearman,design,113,0.0024792916700914144,0.2599603501635104,0.9192474331832174,False
realistic,volatility,volatility_expansion,1H,7D,spearman,design,113,0.005908837685050722,0.2548311791979569,0.8053075952730953,False
realistic,volatility,volatility_expansion,1H,14D,spearman,design,113,0.022053343927230885,0.24838451347636148,0.3452616588935874,False
realistic,volatility,volatility_expansion,1H,30D,spearman,design,113,0.019258061864708624,0.23596749249122198,0.38563514082716854,False
realistic,volatility,volatility_expansion,1H,1H,spearman,validation,83,-0.029293112298819333,0.2524912156313621,0.2905301349235183,False
realistic,volatility,volatility_expansion,1H,1H,pearson,validation,83,-0.035482026834918086,0.25065992988750246,0.1971818105698777,False
realistic,volatility,volatility_expansion,1H,4H,spearman,validation,83,0.022967056194703628,0.2587297591037432,0.4186764233561645,False
realistic,volatility,volatility_expansion,1H,12H,spearman,validation,83,0.03310988314158891,0.24689440739317076,0.22179888939077796,False
realistic,volatility,volatility_expansion,1H,1D,spearman,validation,83,0.045106742760515746,0.22864600708513946,0.07229042442776083,False
realistic,volatility,volatility_expansion,1H,3D,spearman,validation,83,0.011435214542380043,0.2408083686692646,0.6652870973486382,False
realistic,volatility,volatility_expansion,1H,7D,spearman,validation,83,0.004025123048585321,0.24090178601240328,0.8790116314650724,False
realistic,volatility,volatility_expansion,1H,14D,spearman,validation,83,0.008841380559833313,0.2382566181629162,0.7353060239112205,False
realistic,volatility,volatility_expansion,1H,30D,spearman,validation,83,0.02728206057311954,0.26625741875026204,0.35056167594893206,False
realistic,volatility,volatility_expansion,4H,1H,spearman,design,113,-0.015665726001625614,0.2540487541090924,0.5121459032722276,False
realistic,volatility,volatility_expansion,4H,4H,spearman,design,113,-0.02015397682128277,0.23708169857283012,0.36617915057345773,False
realistic,volatility,volatility_expansion,4H,4H,pearson,design,113,-0.01991126416225986,0.22712276371284093,0.3513792466219162,False
realistic,volatility,volatility_expansion,4H,12H,spearman,design,113,-0.029026366019160338,0.23090469748966697,0.1814561098200672,False
realistic,volatility,volatility_expansion,4H,1D,spearman,design,113,-0.005401746166561632,0.23559710891533875,0.8074423501871699,False
realistic,volatility,volatility_expansion,4H,3D,spearman,design,113,0.0024792916700914144,0.2599603501635104,0.9192474331832174,False
realistic,volatility,volatility_expansion,4H,7D,spearman,design,113,0.005908837685050722,0.2548311791979569,0.8053075952730953,False
realistic,volatility,volatility_expansion,4H,14D,spearman,design,113,0.022053343927230885,0.24838451347636148,0.3452616588935874,False
realistic,volatility,volatility_expansion,4H,30D,spearman,design,113,0.019258061864708624,0.23596749249122198,0.38563514082716854,False
realistic,volatility,volatility_expansion,4H,1H,spearman,validation,83,-0.029293112298819333,0.2524912156313621,0.2905301349235183,False
realistic,volatility,volatility_expansion,4H,4H,spearman,validation,83,0.022967056194703628,0.2587297591037432,0.4186764233561645,False
realistic,volatility,volatility_expansion,4H,4H,pearson,validation,83,0.030235998849613685,0.25639582059255217,0.28265848780337954,False
realistic,volatility,volatility_expansion,4H,12H,spearman,validation,83,0.03310988314158891,0.24689440739317076,0.22179888939077796,False
realistic,volatility,volatility_expansion,4H,1D,spearman,validation,83,0.045106742760515746,0.22864600708513946,0.07229042442776083,False
realistic,volatility,volatility_expansion,4H,3D,spearman,validation,83,0.011435214542380043,0.2408083686692646,0.6652870973486382,False
realistic,volatility,volatility_expansion,4H,7D,spearman,validation,83,0.004025123048585321,0.24090178601240328,0.8790116314650724,False
realistic,volatility,volatility_expansion,4H,14D,spearman,validation,83,0.008841380559833313,0.2382566181629162,0.7353060239112205,False
realistic,volatility,volatility_expansion,4H,30D,spearman,validation,83,0.02728206057311954,0.26625741875026204,0.35056167594893206,False
realistic,volatility,volatility_expansion,12H,1H,spearman,design,113,0.014488296483008664,0.2406270194047968,0.5221417675977988,False
realistic,volatility,volatility_expansion,12H,4H,spearman,design,113,-0.030335534306875984,0.24205581215733246,0.1827885049516721,False
realistic,volatility,volatility_expansion,12H,12H,spearman,design,113,-0.025692713042366457,0.23233376828728325,0.23977934972969173,False
realistic,volatility,volatility_expansion,12H,12H,pearson,design,113,-0.034829001049576765,0.23232392104149852,0.11101990593998266,False
realistic,volatility,volatility_expansion,12H,1D,spearman,design,113,0.01686119254408796,0.2330980697761945,0.44193273633101215,False
realistic,volatility,volatility_expansion,12H,3D,spearman,design,113,0.013448085335671295,0.26122352655647413,0.5842055876593055,False
realistic,volatility,volatility_expansion,12H,7D,spearman,design,113,0.015650428778870656,0.2620102065963786,0.5254536590432051,False
realistic,volatility,volatility_expansion,12H,14D,spearman,design,113,0.010500287679114494,0.2599735822916326,0.6676687265104319,False
realistic,volatility,volatility_expansion,12H,30D,spearman,design,113,0.02725120322931223,0.24561807442128514,0.2382351969333395,False
realistic,volatility,volatility_expansion,12H,1H,spearman,validation,83,-0.0357429718875502,0.2518528524955017,0.19602721881495444,False
realistic,volatility,volatility_expansion,12H,4H,spearman,validation,83,-0.012008938007669775,0.2448130512733694,0.6549482093887706,False
realistic,volatility,volatility_expansion,12H,12H,spearman,validation,83,-0.02993326690219524,0.21468496568569018,0.2039931669542413,False
realistic,volatility,volatility_expansion,12H,12H,pearson,validation,83,-0.030754136294271404,0.21871579980439004,0.2001798931740213,False
realistic,volatility,volatility_expansion,12H,1D,spearman,validation,83,-0.022260470453241542,0.2171906447521992,0.3504310304215196,False
realistic,volatility,volatility_expansion,12H,3D,spearman,validation,83,-0.005329589032823032,0.23084409500716413,0.833405293294649,False
realistic,volatility,volatility_expansion,12H,7D,spearman,validation,83,-0.0038922607724129615,0.2287964317761486,0.8768325629056524,False
realistic,volatility,volatility_expansion,12H,14D,spearman,validation,83,0.02541594951233505,0.2426317558293566,0.33991755228838505,False
realistic,volatility,volatility_expansion,12H,30D,spearman,validation,83,0.015270102968264032,0.23645644534988186,0.5563027573562664,False
realistic,volatility,volatility_expansion,1D,1H,spearman,design,113,0.05283729234590902,0.22803975013090258,0.013776943903821568,False
realistic,volatility,volatility_expansion,1D,4H,spearman,design,113,0.023752248920061742,0.22936463049746444,0.2709736828838779,False
realistic,volatility,volatility_expansion,1D,12H,spearman,design,113,0.017086769500534272,0.2545638056434085,0.4755277238266953,False
realistic,volatility,volatility_expansion,1D,1D,spearman,design,113,0.02068572654958583,0.26174600247379093,0.4008534493674103,False
realistic,volatility,volatility_expansion,1D,1D,pearson,design,113,0.020452420593000665,0.2441341835679239,0.3731738956825623,False
realistic,volatility,volatility_expansion,1D,3D,spearman,design,113,-0.0040946327296638215,0.24731203491860618,0.8602951342591155,False
realistic,volatility,volatility_expansion,1D,7D,spearman,design,113,-0.006329625469190938,0.2454581331558907,0.7839928484088249,False
realistic,volatility,volatility_expansion,1D,14D,spearman,design,113,-0.0038247623222554075,0.2509687954728369,0.8713032296943579,False
realistic,volatility,volatility_expansion,1D,30D,spearman,design,113,0.0051958044512635,0.22516953762480058,0.8062307833395799,False
realistic,volatility,volatility_expansion,1D,1H,spearman,validation,83,-0.013570069752694995,0.2735114321562078,0.6512635781675262,False
realistic,volatility,volatility_expansion,1D,4H,spearman,validation,83,-0.02169278618232327,0.24772049586585232,0.42498825748958635,False
realistic,volatility,volatility_expansion,1D,12H,spearman,validation,83,0.014300812271642958,0.24894511250956255,0.6007274262275196,False
realistic,volatility,volatility_expansion,1D,1D,spearman,validation,83,-0.002675363106561583,0.24287749641046028,0.9200633219913579,False
realistic,volatility,volatility_expansion,1D,1D,pearson,validation,83,-0.012765714222777657,0.25127710100369266,0.6434787775261976,False
realistic,volatility,volatility_expansion,1D,3D,spearman,validation,83,0.01332850197783616,0.21694880120149715,0.5756772022734375,False
realistic,volatility,volatility_expansion,1D,7D,spearman,validation,83,0.03496995500800192,0.20382905396876233,0.11804493156774637,False
realistic,volatility,volatility_expansion,1D,14D,spearman,validation,83,0.020798985415345594,0.2129443782192427,0.37354840130558453,False
realistic,volatility,volatility_expansion,1D,30D,spearman,validation,83,-0.03244557176072713,0.23227255421400397,0.20315516718126714,False
realistic,volatility,volatility_expansion,3D,1H,spearman,design,113,-0.0017021014274363716,0.26748613705687657,0.946069760455261,False
realistic,volatility,volatility_expansion,3D,4H,spearman,design,113,0.0030176625843630457,0.2642738750010388,0.9033881683102905,False
realistic,volatility,volatility_expansion,3D,12H,spearman,design,113,0.015588326620820664,0.23402359469850964,0.47889887435400447,False
realistic,volatility,volatility_expansion,3D,1D,spearman,design,113,0.0034542042247732727,0.24404697149933163,0.880403687596853,False
realistic,volatility,volatility_expansion,3D,3D,spearman,design,113,0.015552252573129864,0.25528286398713,0.5172398202645592,False
realistic,volatility,volatility_expansion,3D,3D,pearson,design,113,0.01689312272969561,0.2514029645563759,0.47504360967338455,False
realistic,volatility,volatility_expansion,3D,7D,spearman,design,113,-0.005137583678091639,0.2331990618351532,0.8148362285762152,False
realistic,volatility,volatility_expansion,3D,14D,spearman,design,113,0.006772103345297134,0.23099474769952627,0.7553100419826623,False
realistic,volatility,volatility_expansion,3D,30D,spearman,design,113,0.01465314118195019,0.2275634622881084,0.493665488173219,False
realistic,volatility,volatility_expansion,3D,1H,spearman,validation,83,-0.00750671860373826,0.23209889443196408,0.768256252519707,False
realistic,volatility,volatility_expansion,3D,4H,spearman,validation,83,0.004701512818190057,0.2638958956253605,0.8710621059693008,False
realistic,volatility,volatility_expansion,3D,12H,spearman,validation,83,0.030570401908385423,0.2525992084473037,0.2702116964939082,False
realistic,volatility,volatility_expansion,3D,1D,spearman,validation,83,0.04363317933387686,0.24225333919588632,0.10081502306482897,False
realistic,volatility,volatility_expansion,3D,3D,spearman,validation,83,0.03420599692001087,0.23966709026561875,0.19350911041615215,False
realistic,volatility,volatility_expansion,3D,3D,pearson,validation,83,0.032991511840146794,0.23685338253401433,0.20444101156358618,False
realistic,volatility,volatility_expansion,3D,7D,spearman,validation,83,0.03371078298155025,0.23928113420658698,0.19931328180039254,False
realistic,volatility,volatility_expansion,3D,14D,spearman,validation,83,0.02222121568982698,0.22431514562619567,0.36679015999724895,False
realistic,volatility,volatility_expansion,3D,30D,spearman,validation,83,0.011906271703354773,0.2508899690899923,0.665489892535795,False
realistic,volatility,volatility_expansion,7D,1H,spearman,design,113,-0.010009406650410514,0.24874387932160547,0.6688294611264631,False
realistic,volatility,volatility_expansion,7D,4H,spearman,design,113,0.013271139848580329,0.22098060933366387,0.5232129460585894,False
realistic,volatility,volatility_expansion,7D,12H,spearman,design,113,0.010666958912116317,0.23606673166036926,0.6309885577014946,False
realistic,volatility,volatility_expansion,7D,1D,spearman,design,113,0.01814433272144443,0.24927754098421404,0.4390824298611168,False
realistic,volatility,volatility_expansion,7D,3D,spearman,design,113,0.0026822652675415793,0.24361148148819403,0.9068264590904711,False
realistic,volatility,volatility_expansion,7D,7D,spearman,design,113,-0.022997433719645285,0.2230419778095748,0.2730551007811437,False
realistic,volatility,volatility_expansion,7D,7D,pearson,design,113,-0.017337576136700956,0.22699620525859784,0.4168420792900158,False
realistic,volatility,volatility_expansion,7D,14D,spearman,design,113,0.00693466487666329,0.23524562817567807,0.7540074003619583,False
realistic,volatility,volatility_expansion,7D,30D,spearman,design,113,-0.02357530343297076,0.23987187001439578,0.29613317749757884,False
realistic,volatility,volatility_expansion,7D,1H,spearman,validation,83,0.03534136546184739,0.26570319753390353,0.2255946723226293,False
realistic,volatility,volatility_expansion,7D,4H,spearman,validation,83,0.017078841682519556,0.2487991669200566,0.5317173872013168,False
realistic,volatility,volatility_expansion,7D,12H,spearman,validation,83,-0.014995319624362107,0.23124216141726825,0.554666042566447,False
realistic,volatility,volatility_expansion,7D,1D,spearman,validation,83,0.025065676238789743,0.21497015865926236,0.2881071590060096,False
realistic,volatility,volatility_expansion,7D,3D,spearman,validation,83,0.026104417670682733,0.22766842101211707,0.296207614124134,False
realistic,volatility,volatility_expansion,7D,7D,spearman,validation,83,-0.007198719690793253,0.23721477413228648,0.7821848679775842,False
realistic,volatility,volatility_expansion,7D,7D,pearson,validation,83,-0.004563080228139743,0.22487734728609166,0.8533360101338685,False
realistic,volatility,volatility_expansion,7D,14D,spearman,validation,83,0.011350665821179452,0.23743427042945792,0.66317856517695,False
realistic,volatility,volatility_expansion,7D,30D,spearman,validation,83,0.009976749101669838,0.26089991400989143,0.7275542507550663,False
realistic,volatility,volatility_expansion,14D,1H,spearman,design,113,0.011900554353087293,0.23237947162559539,0.5861744063323158,False
realistic,volatility,volatility_expansion,14D,4H,spearman,design,113,0.010183155702895972,0.25561600618372937,0.6719446205469811,False
realistic,volatility,volatility_expansion,14D,12H,spearman,design,113,0.010140917102751675,0.24529404866167903,0.6603208617270195,False
realistic,volatility,volatility_expansion,14D,1D,spearman,design,113,0.009080614080751072,0.23959539389695245,0.6870363225065113,False
realistic,volatility,volatility_expansion,14D,3D,spearman,design,113,-0.012898755217037912,0.2664499462330392,0.606831236682442,False
realistic,volatility,volatility_expansion,14D,7D,spearman,design,113,0.0078059216234234756,0.24035572095874258,0.7299212181800869,False
realistic,volatility,volatility_expansion,14D,14D,spearman,design,113,0.01659451857128506,0.2109777658433153,0.40308893768937815,False
realistic,volatility,volatility_expansion,14D,14D,pearson,design,113,0.013575202350711059,0.22422726874733953,0.51985304480853,False
realistic,volatility,volatility_expansion,14D,30D,spearman,design,113,-0.022791948637862228,0.24658103363437453,0.3258218887374206,False
realistic,volatility,volatility_expansion,14D,1H,spearman,validation,83,0.03775402361324998,0.2351054008410424,0.14347165847496068,False
realistic,volatility,volatility_expansion,14D,4H,spearman,validation,83,0.00347857595796721,0.23777835427486477,0.893971158727923,False
realistic,volatility,volatility_expansion,14D,12H,spearman,validation,83,0.0007307425189479764,0.24211781505847146,0.9780637686771938,False
realistic,volatility,volatility_expansion,14D,1D,spearman,validation,83,0.015886100794154055,0.2335106396341629,0.5353912404376483,False
realistic,volatility,volatility_expansion,14D,3D,spearman,validation,83,0.014802065404475036,0.25246160944256624,0.5932353886293948,False
realistic,volatility,volatility_expansion,14D,7D,spearman,validation,83,0.012706464957574657,0.2607275487404347,0.6570470944883106,False
realistic,volatility,volatility_expansion,14D,14D,spearman,validation,83,0.02587794788175258,0.24727272088772648,0.34036795626776706,False
realistic,volatility,volatility_expansion,14D,14D,pearson,validation,83,0.0457332483929715,0.25349956340104696,0.10026061563903621,False
realistic,volatility,volatility_expansion,14D,30D,spearman,validation,83,0.005380922184980514,0.27184699654990313,0.856892450314679,False
realistic,volatility,volatility_expansion,30D,1H,spearman,design,113,-0.00590609788396029,0.23916321953946343,0.7929284542381456,False
realistic,volatility,volatility_expansion,30D,4H,spearman,design,113,-0.0016354329342356485,0.2454413615526985,0.9435321507895349,False
realistic,volatility,volatility_expansion,30D,12H,spearman,design,113,-0.0028219951231540632,0.2569828024968582,0.9070721132290256,False
realistic,volatility,volatility_expansion,30D,1D,spearman,design,113,0.016959368749828764,0.23431665593953205,0.44166265706916286,False
realistic,volatility,volatility_expansion,30D,3D,spearman,design,113,0.024736522461802614,0.24021170000748018,0.27366069065765686,False
realistic,volatility,volatility_expansion,30D,7D,spearman,design,113,0.03760742303442104,0.21942023125777538,0.06846278000839838,False
realistic,volatility,volatility_expansion,30D,14D,spearman,design,113,0.033229220891896595,0.26535182098573074,0.1831292621338816,False
realistic,volatility,volatility_expansion,30D,30D,spearman,design,113,0.010912627743225847,0.2608670690104788,0.6565497616584641,False
realistic,volatility,volatility_expansion,30D,30D,pearson,design,113,0.02035254749134881,0.28647906553487457,0.4501257277023124,False
realistic,volatility,volatility_expansion,30D,1H,spearman,validation,83,0.011269136697164598,0.2333024238249209,0.6598947172890832,False
realistic,volatility,volatility_expansion,30D,4H,spearman,validation,83,-0.004378415919316364,0.2362013835019735,0.8658924370120693,False
realistic,volatility,volatility_expansion,30D,12H,spearman,validation,83,0.004798139928133584,0.2525927222085688,0.8626060127964976,False
realistic,volatility,volatility_expansion,30D,1D,spearman,validation,83,0.006099586315185553,0.25187531157873577,0.8253847878979841,False
realistic,volatility,volatility_expansion,30D,3D,spearman,validation,83,0.005525862849895823,0.2745925899418068,0.854533533714871,False
realistic,volatility,volatility_expansion,30D,7D,spearman,validation,83,0.0011112117643506418,0.21761544557646034,0.9628952426450506,False
realistic,volatility,volatility_expansion,30D,14D,spearman,validation,83,-0.06388863725579008,0.19584969363072585,0.0029592624284308774,False
realistic,volatility,volatility_expansion,30D,30D,spearman,validation,83,-0.02157200229489386,0.303586905771001,0.5173983920623422,False
realistic,volatility,volatility_expansion,30D,30D,pearson,validation,83,-0.03969838295515727,0.30932527390595543,0.2423147651468277,False
realistic,volatility,volatility_contraction,1H,1H,spearman,design,113,0.015665726001625614,0.2540487541090924,0.5121459032722276,False
realistic,volatility,volatility_contraction,1H,1H,pearson,design,113,0.030729039556532688,0.25086818027042906,0.19288395581505047,False
realistic,volatility,volatility_contraction,1H,4H,spearman,design,113,0.02015397682128277,0.23708169857283012,0.36617915057345773,False
realistic,volatility,volatility_contraction,1H,12H,spearman,design,113,0.029026366019160338,0.23090469748966697,0.1814561098200672,False
realistic,volatility,volatility_contraction,1H,1D,spearman,design,113,0.005401746166561632,0.23559710891533875,0.8074423501871699,False
realistic,volatility,volatility_contraction,1H,3D,spearman,design,113,-0.0024792916700914144,0.2599603501635104,0.9192474331832174,False
realistic,volatility,volatility_contraction,1H,7D,spearman,design,113,-0.005908837685050722,0.2548311791979569,0.8053075952730953,False
realistic,volatility,volatility_contraction,1H,14D,spearman,design,113,-0.022053343927230885,0.24838451347636148,0.3452616588935874,False
realistic,volatility,volatility_contraction,1H,30D,spearman,design,113,-0.019258061864708624,0.23596749249122198,0.38563514082716854,False
realistic,volatility,volatility_contraction,1H,1H,spearman,validation,83,0.029293112298819333,0.2524912156313621,0.2905301349235183,False
realistic,volatility,volatility_contraction,1H,1H,pearson,validation,83,0.035482026834918086,0.25065992988750246,0.1971818105698777,False
realistic,volatility,volatility_contraction,1H,4H,spearman,validation,83,-0.022967056194703628,0.2587297591037432,0.4186764233561645,False
realistic,volatility,volatility_contraction,1H,12H,spearman,validation,83,-0.03310988314158891,0.24689440739317076,0.22179888939077796,False
realistic,volatility,volatility_contraction,1H,1D,spearman,validation,83,-0.045106742760515746,0.22864600708513946,0.07229042442776083,False
realistic,volatility,volatility_contraction,1H,3D,spearman,validation,83,-0.011435214542380043,0.2408083686692646,0.6652870973486382,False
realistic,volatility,volatility_contraction,1H,7D,spearman,validation,83,-0.004025123048585321,0.24090178601240328,0.8790116314650724,False
realistic,volatility,volatility_contraction,1H,14D,spearman,validation,83,-0.008841380559833313,0.2382566181629162,0.7353060239112205,False
realistic,volatility,volatility_contraction,1H,30D,spearman,validation,83,-0.02728206057311954,0.26625741875026204,0.35056167594893206,False
realistic,volatility,volatility_contraction,4H,1H,spearman,design,113,0.015665726001625614,0.2540487541090924,0.5121459032722276,False
realistic,volatility,volatility_contraction,4H,4H,spearman,design,113,0.02015397682128277,0.23708169857283012,0.36617915057345773,False
realistic,volatility,volatility_contraction,4H,4H,pearson,design,113,0.01991126416225986,0.22712276371284093,0.3513792466219162,False
realistic,volatility,volatility_contraction,4H,12H,spearman,design,113,0.029026366019160338,0.23090469748966697,0.1814561098200672,False
realistic,volatility,volatility_contraction,4H,1D,spearman,design,113,0.005401746166561632,0.23559710891533875,0.8074423501871699,False
realistic,volatility,volatility_contraction,4H,3D,spearman,design,113,-0.0024792916700914144,0.2599603501635104,0.9192474331832174,False
realistic,volatility,volatility_contraction,4H,7D,spearman,design,113,-0.005908837685050722,0.2548311791979569,0.8053075952730953,False
realistic,volatility,volatility_contraction,4H,14D,spearman,design,113,-0.022053343927230885,0.24838451347636148,0.3452616588935874,False
realistic,volatility,volatility_contraction,4H,30D,spearman,design,113,-0.019258061864708624,0.23596749249122198,0.38563514082716854,False
realistic,volatility,volatility_contraction,4H,1H,spearman,validation,83,0.029293112298819333,0.2524912156313621,0.2905301349235183,False
realistic,volatility,volatility_contraction,4H,4H,spearman,validation,83,-0.022967056194703628,0.2587297591037432,0.4186764233561645,False
realistic,volatility,volatility_contraction,4H,4H,pearson,validation,83,-0.030235998849613685,0.25639582059255217,0.28265848780337954,False
realistic,volatility,volatility_contraction,4H,12H,spearman,validation,83,-0.03310988314158891,0.24689440739317076,0.22179888939077796,False
realistic,volatility,volatility_contraction,4H,1D,spearman,validation,83,-0.045106742760515746,0.22864600708513946,0.07229042442776083,False
realistic,volatility,volatility_contraction,4H,3D,spearman,validation,83,-0.011435214542380043,0.2408083686692646,0.6652870973486382,False
realistic,volatility,volatility_contraction,4H,7D,spearman,validation,83,-0.004025123048585321,0.24090178601240328,0.8790116314650724,False
realistic,volatility,volatility_contraction,4H,14D,spearman,validation,83,-0.008841380559833313,0.2382566181629162,0.7353060239112205,False
realistic,volatility,volatility_contraction,4H,30D,spearman,validation,83,-0.02728206057311954,0.26625741875026204,0.35056167594893206,False
realistic,volatility,volatility_contraction,12H,1H,spearman,design,113,-0.014488296483008664,0.2406270194047968,0.5221417675977988,False
realistic,volatility,volatility_contraction,12H,4H,spearman,design,113,0.030335534306875984,0.24205581215733246,0.1827885049516721,False
realistic,volatility,volatility_contraction,12H,12H,spearman,design,113,0.025692713042366457,0.23233376828728325,0.23977934972969173,False
realistic,volatility,volatility_contraction,12H,12H,pearson,design,113,0.034829001049576765,0.23232392104149852,0.11101990593998266,False
realistic,volatility,volatility_contraction,12H,1D,spearman,design,113,-0.01686119254408796,0.2330980697761945,0.44193273633101215,False
realistic,volatility,volatility_contraction,12H,3D,spearman,design,113,-0.013448085335671295,0.26122352655647413,0.5842055876593055,False
realistic,volatility,volatility_contraction,12H,7D,spearman,design,113,-0.015650428778870656,0.2620102065963786,0.5254536590432051,False
realistic,volatility,volatility_contraction,12H,14D,spearman,design,113,-0.010500287679114494,0.2599735822916326,0.6676687265104319,False
realistic,volatility,volatility_contraction,12H,30D,spearman,design,113,-0.02725120322931223,0.24561807442128514,0.2382351969333395,False
realistic,volatility,volatility_contraction,12H,1H,spearman,validation,83,0.0357429718875502,0.2518528524955017,0.19602721881495444,False
realistic,volatility,volatility_contraction,12H,4H,spearman,validation,83,0.012008938007669775,0.2448130512733694,0.6549482093887706,False
realistic,volatility,volatility_contraction,12H,12H,spearman,validation,83,0.02993326690219524,0.21468496568569018,0.2039931669542413,False
realistic,volatility,volatility_contraction,12H,12H,pearson,validation,83,0.030754136294271404,0.21871579980439004,0.2001798931740213,False
realistic,volatility,volatility_contraction,12H,1D,spearman,validation,83,0.022260470453241542,0.2171906447521992,0.3504310304215196,False
realistic,volatility,volatility_contraction,12H,3D,spearman,validation,83,0.005329589032823032,0.23084409500716413,0.833405293294649,False
realistic,volatility,volatility_contraction,12H,7D,spearman,validation,83,0.0038922607724129615,0.2287964317761486,0.8768325629056524,False
realistic,volatility,volatility_contraction,12H,14D,spearman,validation,83,-0.02541594951233505,0.2426317558293566,0.33991755228838505,False
realistic,volatility,volatility_contraction,12H,30D,spearman,validation,83,-0.015270102968264032,0.23645644534988186,0.5563027573562664,False
realistic,volatility,volatility_contraction,1D,1H,spearman,design,113,-0.05283729234590902,0.22803975013090258,0.013776943903821568,False
realistic,volatility,volatility_contraction,1D,4H,spearman,design,113,-0.023752248920061742,0.22936463049746444,0.2709736828838779,False
realistic,volatility,volatility_contraction,1D,12H,spearman,design,113,-0.017086769500534272,0.2545638056434085,0.4755277238266953,False
realistic,volatility,volatility_contraction,1D,1D,spearman,design,113,-0.02068572654958583,0.26174600247379093,0.4008534493674103,False
realistic,volatility,volatility_contraction,1D,1D,pearson,design,113,-0.020452420593000665,0.2441341835679239,0.3731738956825623,False
realistic,volatility,volatility_contraction,1D,3D,spearman,design,113,0.0040946327296638215,0.24731203491860618,0.8602951342591155,False
realistic,volatility,volatility_contraction,1D,7D,spearman,design,113,0.006329625469190938,0.2454581331558907,0.7839928484088249,False
realistic,volatility,volatility_contraction,1D,14D,spearman,design,113,0.0038247623222554075,0.2509687954728369,0.8713032296943579,False
realistic,volatility,volatility_contraction,1D,30D,spearman,design,113,-0.0051958044512635,0.22516953762480058,0.8062307833395799,False
realistic,volatility,volatility_contraction,1D,1H,spearman,validation,83,0.013570069752694995,0.2735114321562078,0.6512635781675262,False
realistic,volatility,volatility_contraction,1D,4H,spearman,validation,83,0.02169278618232327,0.24772049586585232,0.42498825748958635,False
realistic,volatility,volatility_contraction,1D,12H,spearman,validation,83,-0.014300812271642958,0.24894511250956255,0.6007274262275196,False
realistic,volatility,volatility_contraction,1D,1D,spearman,validation,83,0.002675363106561583,0.24287749641046028,0.9200633219913579,False
realistic,volatility,volatility_contraction,1D,1D,pearson,validation,83,0.012765714222777657,0.25127710100369266,0.6434787775261976,False
realistic,volatility,volatility_contraction,1D,3D,spearman,validation,83,-0.01332850197783616,0.21694880120149715,0.5756772022734375,False
realistic,volatility,volatility_contraction,1D,7D,spearman,validation,83,-0.03496995500800192,0.20382905396876233,0.11804493156774637,False
realistic,volatility,volatility_contraction,1D,14D,spearman,validation,83,-0.020798985415345594,0.2129443782192427,0.37354840130558453,False
realistic,volatility,volatility_contraction,1D,30D,spearman,validation,83,0.03244557176072713,0.23227255421400397,0.20315516718126714,False
realistic,volatility,volatility_contraction,3D,1H,spearman,design,113,0.0017021014274363716,0.26748613705687657,0.946069760455261,False
realistic,volatility,volatility_contraction,3D,4H,spearman,design,113,-0.0030176625843630457,0.2642738750010388,0.9033881683102905,False
realistic,volatility,volatility_contraction,3D,12H,spearman,design,113,-0.015588326620820664,0.23402359469850964,0.47889887435400447,False
realistic,volatility,volatility_contraction,3D,1D,spearman,design,113,-0.0034542042247732727,0.24404697149933163,0.880403687596853,False
realistic,volatility,volatility_contraction,3D,3D,spearman,design,113,-0.015552252573129864,0.25528286398713,0.5172398202645592,False
realistic,volatility,volatility_contraction,3D,3D,pearson,design,113,-0.01689312272969561,0.2514029645563759,0.47504360967338455,False
realistic,volatility,volatility_contraction,3D,7D,spearman,design,113,0.005137583678091639,0.2331990618351532,0.8148362285762152,False
realistic,volatility,volatility_contraction,3D,14D,spearman,design,113,-0.006772103345297134,0.23099474769952627,0.7553100419826623,False
realistic,volatility,volatility_contraction,3D,30D,spearman,design,113,-0.01465314118195019,0.2275634622881084,0.493665488173219,False
realistic,volatility,volatility_contraction,3D,1H,spearman,validation,83,0.00750671860373826,0.23209889443196408,0.768256252519707,False
realistic,volatility,volatility_contraction,3D,4H,spearman,validation,83,-0.004701512818190057,0.2638958956253605,0.8710621059693008,False
realistic,volatility,volatility_contraction,3D,12H,spearman,validation,83,-0.030570401908385423,0.2525992084473037,0.2702116964939082,False
realistic,volatility,volatility_contraction,3D,1D,spearman,validation,83,-0.04363317933387686,0.24225333919588632,0.10081502306482897,False
realistic,volatility,volatility_contraction,3D,3D,spearman,validation,83,-0.03420599692001087,0.23966709026561875,0.19350911041615215,False
realistic,volatility,volatility_contraction,3D,3D,pearson,validation,83,-0.032991511840146794,0.23685338253401433,0.20444101156358618,False
realistic,volatility,volatility_contraction,3D,7D,spearman,validation,83,-0.03371078298155025,0.23928113420658698,0.19931328180039254,False
realistic,volatility,volatility_contraction,3D,14D,spearman,validation,83,-0.02222121568982698,0.22431514562619567,0.36679015999724895,False
realistic,volatility,volatility_contraction,3D,30D,spearman,validation,83,-0.011906271703354773,0.2508899690899923,0.665489892535795,False
realistic,volatility,volatility_contraction,7D,1H,spearman,design,113,0.010009406650410514,0.24874387932160547,0.6688294611264631,False
realistic,volatility,volatility_contraction,7D,4H,spearman,design,113,-0.013271139848580329,0.22098060933366387,0.5232129460585894,False
realistic,volatility,volatility_contraction,7D,12H,spearman,design,113,-0.010666958912116317,0.23606673166036926,0.6309885577014946,False
realistic,volatility,volatility_contraction,7D,1D,spearman,design,113,-0.01814433272144443,0.24927754098421404,0.4390824298611168,False
realistic,volatility,volatility_contraction,7D,3D,spearman,design,113,-0.0026822652675415793,0.24361148148819403,0.9068264590904711,False
realistic,volatility,volatility_contraction,7D,7D,spearman,design,113,0.022997433719645285,0.2230419778095748,0.2730551007811437,False
realistic,volatility,volatility_contraction,7D,7D,pearson,design,113,0.017337576136700956,0.22699620525859784,0.4168420792900158,False
realistic,volatility,volatility_contraction,7D,14D,spearman,design,113,-0.00693466487666329,0.23524562817567807,0.7540074003619583,False
realistic,volatility,volatility_contraction,7D,30D,spearman,design,113,0.02357530343297076,0.23987187001439578,0.29613317749757884,False
realistic,volatility,volatility_contraction,7D,1H,spearman,validation,83,-0.03534136546184739,0.26570319753390353,0.2255946723226293,False
realistic,volatility,volatility_contraction,7D,4H,spearman,validation,83,-0.017078841682519556,0.2487991669200566,0.5317173872013168,False
realistic,volatility,volatility_contraction,7D,12H,spearman,validation,83,0.014995319624362107,0.23124216141726825,0.554666042566447,False
realistic,volatility,volatility_contraction,7D,1D,spearman,validation,83,-0.025065676238789743,0.21497015865926236,0.2881071590060096,False
realistic,volatility,volatility_contraction,7D,3D,spearman,validation,83,-0.026104417670682733,0.22766842101211707,0.296207614124134,False
realistic,volatility,volatility_contraction,7D,7D,spearman,validation,83,0.007198719690793253,0.23721477413228648,0.7821848679775842,False
realistic,volatility,volatility_contraction,7D,7D,pearson,validation,83,0.004563080228139743,0.22487734728609166,0.8533360101338685,False
realistic,volatility,volatility_contraction,7D,14D,spearman,validation,83,-0.011350665821179452,0.23743427042945792,0.66317856517695,False
realistic,volatility,volatility_contraction,7D,30D,spearman,validation,83,-0.009976749101669838,0.26089991400989143,0.7275542507550663,False
realistic,volatility,volatility_contraction,14D,1H,spearman,design,113,-0.011900554353087293,0.23237947162559539,0.5861744063323158,False
realistic,volatility,volatility_contraction,14D,4H,spearman,design,113,-0.010183155702895972,0.25561600618372937,0.6719446205469811,False
realistic,volatility,volatility_contraction,14D,12H,spearman,design,113,-0.010140917102751675,0.24529404866167903,0.6603208617270195,False
realistic,volatility,volatility_contraction,14D,1D,spearman,design,113,-0.009080614080751072,0.23959539389695245,0.6870363225065113,False
realistic,volatility,volatility_contraction,14D,3D,spearman,design,113,0.012898755217037912,0.2664499462330392,0.606831236682442,False
realistic,volatility,volatility_contraction,14D,7D,spearman,design,113,-0.0078059216234234756,0.24035572095874258,0.7299212181800869,False
realistic,volatility,volatility_contraction,14D,14D,spearman,design,113,-0.01659451857128506,0.2109777658433153,0.40308893768937815,False
realistic,volatility,volatility_contraction,14D,14D,pearson,design,113,-0.013575202350711059,0.22422726874733953,0.51985304480853,False
realistic,volatility,volatility_contraction,14D,30D,spearman,design,113,0.022791948637862228,0.24658103363437453,0.3258218887374206,False
realistic,volatility,volatility_contraction,14D,1H,spearman,validation,83,-0.03775402361324998,0.2351054008410424,0.14347165847496068,False
realistic,volatility,volatility_contraction,14D,4H,spearman,validation,83,-0.00347857595796721,0.23777835427486477,0.893971158727923,False
realistic,volatility,volatility_contraction,14D,12H,spearman,validation,83,-0.0007307425189479764,0.24211781505847146,0.9780637686771938,False
realistic,volatility,volatility_contraction,14D,1D,spearman,validation,83,-0.015886100794154055,0.2335106396341629,0.5353912404376483,False
realistic,volatility,volatility_contraction,14D,3D,spearman,validation,83,-0.014802065404475036,0.25246160944256624,0.5932353886293948,False
realistic,volatility,volatility_contraction,14D,7D,spearman,validation,83,-0.012706464957574657,0.2607275487404347,0.6570470944883106,False
realistic,volatility,volatility_contraction,14D,14D,spearman,validation,83,-0.02587794788175258,0.24727272088772648,0.34036795626776706,False
realistic,volatility,volatility_contraction,14D,14D,pearson,validation,83,-0.0457332483929715,0.25349956340104696,0.10026061563903621,False
realistic,volatility,volatility_contraction,14D,30D,spearman,validation,83,-0.005380922184980514,0.27184699654990313,0.856892450314679,False
realistic,volatility,volatility_contraction,30D,1H,spearman,design,113,0.00590609788396029,0.23916321953946343,0.7929284542381456,False
realistic,volatility,volatility_contraction,30D,4H,spearman,design,113,0.0016354329342356485,0.2454413615526985,0.9435321507895349,False
realistic,volatility,volatility_contraction,30D,12H,spearman,design,113,0.0028219951231540632,0.2569828024968582,0.9070721132290256,False
realistic,volatility,volatility_contraction,30D,1D,spearman,design,113,-0.016959368749828764,0.23431665593953205,0.44166265706916286,False
realistic,volatility,volatility_contraction,30D,3D,spearman,design,113,-0.024736522461802614,0.24021170000748018,0.27366069065765686,False
realistic,volatility,volatility_contraction,30D,7D,spearman,design,113,-0.03760742303442104,0.21942023125777538,0.06846278000839838,False
realistic,volatility,volatility_contraction,30D,14D,spearman,design,113,-0.033229220891896595,0.26535182098573074,0.1831292621338816,False
realistic,volatility,volatility_contraction,30D,30D,spearman,design,113,-0.010912627743225847,0.2608670690104788,0.6565497616584641,False
realistic,volatility,volatility_contraction,30D,30D,pearson,design,113,-0.02035254749134881,0.28647906553487457,0.4501257277023124,False
realistic,volatility,volatility_contraction,30D,1H,spearman,validation,83,-0.011269136697164598,0.2333024238249209,0.6598947172890832,False
realistic,volatility,volatility_contraction,30D,4H,spearman,validation,83,0.004378415919316364,0.2362013835019735,0.8658924370120693,False
realistic,volatility,volatility_contraction,30D,12H,spearman,validation,83,-0.004798139928133584,0.2525927222085688,0.8626060127964976,False
realistic,volatility,volatility_contraction,30D,1D,spearman,validation,83,-0.006099586315185553,0.25187531157873577,0.8253847878979841,False
realistic,volatility,volatility_contraction,30D,3D,spearman,validation,83,-0.005525862849895823,0.2745925899418068,0.854533533714871,False
realistic,volatility,volatility_contraction,30D,7D,spearman,validation,83,-0.0011112117643506418,0.21761544557646034,0.9628952426450506,False
realistic,volatility,volatility_contraction,30D,14D,spearman,validation,83,0.06388863725579008,0.19584969363072585,0.0029592624284308774,False
realistic,volatility,volatility_contraction,30D,30D,spearman,validation,83,0.02157200229489386,0.303586905771001,0.5173983920623422,False
realistic,volatility,volatility_contraction,30D,30D,pearson,validation,83,0.03969838295515727,0.30932527390595543,0.2423147651468277,False
realistic,volatility,volatility_adjusted_momentum,1H,1H,spearman,design,0,,,,False
realistic,volatility,volatility_adjusted_momentum,1H,1H,pearson,design,0,,,,False
realistic,volatility,volatility_adjusted_momentum,1H,4H,spearman,design,0,,,,False
realistic,volatility,volatility_adjusted_momentum,1H,12H,spearman,design,0,,,,False
realistic,volatility,volatility_adjusted_momentum,1H,1D,spearman,design,0,,,,False
realistic,volatility,volatility_adjusted_momentum,1H,3D,spearman,design,0,,,,False
realistic,volatility,volatility_adjusted_momentum,1H,7D,spearman,design,0,,,,False
realistic,volatility,volatility_adjusted_momentum,1H,14D,spearman,design,0,,,,False
realistic,volatility,volatility_adjusted_momentum,1H,30D,spearman,design,0,,,,False
realistic,volatility,volatility_adjusted_momentum,1H,1H,spearman,validation,0,,,,False
realistic,volatility,volatility_adjusted_momentum,1H,1H,pearson,validation,0,,,,False
realistic,volatility,volatility_adjusted_momentum,1H,4H,spearman,validation,0,,,,False
realistic,volatility,volatility_adjusted_momentum,1H,12H,spearman,validation,0,,,,False
realistic,volatility,volatility_adjusted_momentum,1H,1D,spearman,validation,0,,,,False
realistic,volatility,volatility_adjusted_momentum,1H,3D,spearman,validation,0,,,,False
realistic,volatility,volatility_adjusted_momentum,1H,7D,spearman,validation,0,,,,False
realistic,volatility,volatility_adjusted_momentum,1H,14D,spearman,validation,0,,,,False
realistic,volatility,volatility_adjusted_momentum,1H,30D,spearman,validation,0,,,,False
realistic,volatility,volatility_adjusted_momentum,4H,1H,spearman,design,113,-0.04214202215585815,0.23743558486374935,0.05919721760425328,False
realistic,volatility,volatility_adjusted_momentum,4H,4H,spearman,design,113,-0.011977268783619639,0.22528799912298686,0.5719759658359408,False
realistic,volatility,volatility_adjusted_momentum,4H,4H,pearson,design,113,0.008427051915264201,0.21212284681493046,0.6728015427259997,False
realistic,volatility,volatility_adjusted_momentum,4H,12H,spearman,design,113,0.02256157702950766,0.23187119068446016,0.30097884315631496,False
realistic,volatility,volatility_adjusted_momentum,4H,1D,spearman,design,113,-0.0012386184096367942,0.21314933903478453,0.9507442771281202,False
realistic,volatility,volatility_adjusted_momentum,4H,3D,spearman,design,113,-0.004678666995442802,0.21270642807105472,0.8151251040909607,False
realistic,volatility,volatility_adjusted_momentum,4H,7D,spearman,design,113,0.00023265477592993353,0.22738274263137254,0.9913218891754956,False
realistic,volatility,volatility_adjusted_momentum,4H,14D,spearman,design,113,-0.031596756075508915,0.248178255324247,0.17593601696663874,False
realistic,volatility,volatility_adjusted_momentum,4H,30D,spearman,design,113,-0.020038905175484262,0.2758405835283508,0.4399693927215619,False
realistic,volatility,volatility_adjusted_momentum,4H,1H,spearman,validation,83,0.013938460609354712,0.23509483508512227,0.5890966874932415,False
realistic,volatility,volatility_adjusted_momentum,4H,4H,spearman,validation,83,0.0158136304616964,0.24419118406780238,0.5552009963298761,False
realistic,volatility,volatility_adjusted_momentum,4H,4H,pearson,validation,83,0.004985860970669206,0.24403646100818552,0.8523400891109192,False
realistic,volatility,volatility_adjusted_momentum,4H,12H,spearman,validation,83,0.02574810520276595,0.2297426836650982,0.3072356270684493,False
realistic,volatility,volatility_adjusted_momentum,4H,1D,spearman,validation,83,0.010870549868647527,0.22201811173312075,0.6555473218883558,False
realistic,volatility,volatility_adjusted_momentum,4H,3D,spearman,validation,83,0.028097351813268102,0.24626019219069814,0.29858813729966405,False
realistic,volatility,volatility_adjusted_momentum,4H,7D,spearman,validation,83,0.02471842256243018,0.2559329078460224,0.3789131008960336,False
realistic,volatility,volatility_adjusted_momentum,4H,14D,spearman,validation,83,-0.020820122595645734,0.24633488466049155,0.44129391390473405,False
realistic,volatility,volatility_adjusted_momentum,4H,30D,spearman,validation,83,0.024872422018902687,0.2378319043031637,0.340707799509977,False
realistic,volatility,volatility_adjusted_momentum,12H,1H,spearman,design,113,-0.019837073161821785,0.23763771061172836,0.3748833421850045,False
realistic,volatility,volatility_adjusted_momentum,12H,4H,spearman,design,113,0.01096125921258116,0.2655368945230663,0.6608004717881579,False
realistic,volatility,volatility_adjusted_momentum,12H,12H,spearman,design,113,0.020800341561869273,0.2471501531752538,0.370979019550678,False
realistic,volatility,volatility_adjusted_momentum,12H,12H,pearson,design,113,0.01620096591383907,0.2600786139284769,0.5078564285148299,False
realistic,volatility,volatility_adjusted_momentum,12H,1D,spearman,design,113,0.01576732695872946,0.24503645022826082,0.49396472203525543,False
realistic,volatility,volatility_adjusted_momentum,12H,3D,spearman,design,113,0.005535539786478167,0.2094950077041573,0.7788001076617916,False
realistic,volatility,volatility_adjusted_momentum,12H,7D,spearman,design,113,0.00924682868023781,0.2291827242125729,0.6680002339312063,False
realistic,volatility,volatility_adjusted_momentum,12H,14D,spearman,design,113,-0.005377772907020284,0.24462254332736424,0.8152235315495734,False
realistic,volatility,volatility_adjusted_momentum,12H,30D,spearman,design,113,-0.04819812414952007,0.26271817821758114,0.05115224206875289,False
realistic,volatility,volatility_adjusted_momentum,12H,1H,spearman,validation,83,-0.009958631518555429,0.23660098153025783,0.7013773488676881,False
realistic,volatility,volatility_adjusted_momentum,12H,4H,spearman,validation,83,-0.017734094271824135,0.2450818363596074,0.5097481140367176,False
realistic,volatility,volatility_adjusted_momentum,12H,12H,spearman,validation,83,0.04573783857233444,0.24678178861596142,0.09131490791412421,False
realistic,volatility,volatility_adjusted_momentum,12H,12H,pearson,validation,83,0.033202518860443654,0.25054069541596136,0.227298866586518,False
realistic,volatility,volatility_adjusted_momentum,12H,1D,spearman,validation,83,0.04172177431530633,0.22911267699736013,0.09711093524921285,False
realistic,volatility,volatility_adjusted_momentum,12H,3D,spearman,validation,83,0.02013165443729806,0.2509077709323182,0.46479249343291285,False
realistic,volatility,volatility_adjusted_momentum,12H,7D,spearman,validation,83,0.019790439955309963,0.21384294956962713,0.3991502959422246,False
realistic,volatility,volatility_adjusted_momentum,12H,14D,spearman,validation,83,0.012706464957574663,0.22294095353139376,0.6035885584389282,False
realistic,volatility,volatility_adjusted_momentum,12H,30D,spearman,validation,83,0.020690279916659112,0.21460655654880778,0.3797594924351406,False
realistic,volatility,volatility_adjusted_momentum,1D,1H,spearman,design,113,-0.028487766788131186,0.2564236781278404,0.23761395384558381,False
realistic,volatility,volatility_adjusted_momentum,1D,4H,spearman,design,113,-0.011497575276034962,0.2708960814514907,0.6518651233066541,False
realistic,volatility,volatility_adjusted_momentum,1D,12H,spearman,design,113,0.027898252920171323,0.2447483968392576,0.22562588730896316,False
realistic,volatility,volatility_adjusted_momentum,1D,1D,spearman,design,113,0.017831310446861558,0.2498865689230801,0.4481266458222194,False
realistic,volatility,volatility_adjusted_momentum,1D,1D,pearson,design,113,0.01395864410491411,0.2503949341762166,0.5534531987654387,False
realistic,volatility,volatility_adjusted_momentum,1D,3D,spearman,design,113,0.005799017324675564,0.23157659755815477,0.7900894747205975,False
realistic,volatility,volatility_adjusted_momentum,1D,7D,spearman,design,113,-0.0028304428431829187,0.23781794374047843,0.8993226686571107,False
realistic,volatility,volatility_adjusted_momentum,1D,14D,spearman,design,113,-0.022148552015123706,0.23484249032398674,0.3160759776259151,False
realistic,volatility,volatility_adjusted_momentum,1D,30D,spearman,design,113,-0.02734275824908445,0.2551726715672641,0.2546772734468059,False
realistic,volatility,volatility_adjusted_momentum,1D,1H,spearman,validation,83,-0.022616782921158315,0.2410381935440796,0.39264062828274926,False
realistic,volatility,volatility_adjusted_momentum,1D,4H,spearman,validation,83,-0.045589878310233416,0.24317193199021075,0.08763184182814802,False
realistic,volatility,volatility_adjusted_momentum,1D,12H,spearman,validation,83,-0.0032853217380801416,0.24554891223783293,0.9029837210286391,False
realistic,volatility,volatility_adjusted_momentum,1D,1D,spearman,validation,83,0.011749252649696536,0.2258387536977459,0.6355213264256092,False
realistic,volatility,volatility_adjusted_momentum,1D,1D,pearson,validation,83,0.012158746893819523,0.21999266467508352,0.6145963279226107,False
realistic,volatility,volatility_adjusted_momentum,1D,3D,spearman,validation,83,0.009381888456079963,0.22905584800384368,0.7090339415606934,False
realistic,volatility,volatility_adjusted_momentum,1D,7D,spearman,validation,83,-0.008207265150828875,0.23242546402537803,0.7476784384475901,False
realistic,volatility,volatility_adjusted_momentum,1D,14D,spearman,validation,83,-0.04087628710330043,0.23045506461794232,0.10610809174454869,False
realistic,volatility,volatility_adjusted_momentum,1D,30D,spearman,validation,83,0.018177975058127235,0.21953271838907995,0.45062615719512844,False
realistic,volatility,volatility_adjusted_momentum,3D,1H,spearman,design,113,0.030187813364749717,0.27435043506123813,0.2421317638691528,False
realistic,volatility,volatility_adjusted_momentum,3D,4H,spearman,design,113,0.022218188626172405,0.2588004523531968,0.36145032782178954,False
realistic,volatility,volatility_adjusted_momentum,3D,12H,spearman,design,113,0.004813145565631937,0.23833503090401326,0.8300211522616343,False
realistic,volatility,volatility_adjusted_momentum,3D,1D,spearman,design,113,-0.002770395535950764,0.25850339637464304,0.9092981396022868,False
realistic,volatility,volatility_adjusted_momentum,3D,3D,spearman,design,113,-0.01565727828159676,0.24406030759126363,0.49526480432740105,False
realistic,volatility,volatility_adjusted_momentum,3D,3D,pearson,design,113,-0.013405319252204308,0.24635040969071895,0.5629628005668035,False
realistic,volatility,volatility_adjusted_momentum,3D,7D,spearman,design,113,-0.011052129282080787,0.24170376507245975,0.6269151992713633,False
realistic,volatility,volatility_adjusted_momentum,3D,14D,spearman,design,113,-0.02167799117784049,0.23910668023364604,0.3351688804638986,False
realistic,volatility,volatility_adjusted_momentum,3D,30D,spearman,design,113,-0.029626154141209355,0.2424101403392808,0.19388792093589058,False
realistic,volatility,volatility_adjusted_momentum,3D,1H,spearman,validation,83,-0.023770269046109245,0.2405992830103353,0.36808021175399364,False
realistic,volatility,volatility_adjusted_momentum,3D,4H,spearman,validation,83,-0.03784159193163632,0.22987634972791823,0.13368339591934175,False
realistic,volatility,volatility_adjusted_momentum,3D,12H,spearman,validation,83,-0.005522843252710085,0.23612273250850388,0.8312564223154688,False
realistic,volatility,volatility_adjusted_momentum,3D,1D,spearman,validation,83,0.0050276293142494785,0.21709029468632124,0.8328950686195118,False
realistic,volatility,volatility_adjusted_momentum,3D,3D,spearman,validation,83,-0.03286831536673007,0.19726951912436788,0.12902785058924526,False
realistic,volatility,volatility_adjusted_momentum,3D,3D,pearson,validation,83,-0.029000839039676072,0.2087148816733974,0.2055522333344182,False
realistic,volatility,volatility_adjusted_momentum,3D,7D,spearman,validation,83,-0.021445179213092976,0.24114276407779905,0.41782282266146287,False
realistic,volatility,volatility_adjusted_momentum,3D,14D,spearman,validation,83,-0.07021771295709153,0.21659571414144457,0.0031420027749147783,False
realistic,volatility,volatility_adjusted_momentum,3D,30D,spearman,validation,83,-0.0025002264697889277,0.22417229700089286,0.919066241373668,False
realistic,volatility,volatility_adjusted_momentum,7D,1H,spearman,design,113,0.013209037690530329,0.2504865263338978,0.5750940704924175,False
realistic,volatility,volatility_adjusted_momentum,7D,4H,spearman,design,113,0.021185283615076208,0.23100549143206725,0.32961974407280326,False
realistic,volatility,volatility_adjusted_momentum,7D,12H,spearman,design,113,0.009526973341735388,0.244716187596383,0.6789919798246404,False
realistic,volatility,volatility_adjusted_momentum,7D,1D,spearman,design,113,0.009302081335561702,0.2663946507754037,0.710497556929008,False
realistic,volatility,volatility_adjusted_momentum,7D,3D,spearman,design,113,0.015331241951834289,0.2803355250137888,0.5610039155918474,False
realistic,volatility,volatility_adjusted_momentum,7D,7D,spearman,design,113,-0.005402659433591793,0.2433097428330052,0.8134009111520147,False
realistic,volatility,volatility_adjusted_momentum,7D,7D,pearson,design,113,-0.013776464553133541,0.23808627081455908,0.5384915616494499,False
realistic,volatility,volatility_adjusted_momentum,7D,14D,spearman,design,113,-0.019882508196571596,0.21298919498887076,0.3210402519670986,False
realistic,volatility,volatility_adjusted_momentum,7D,30D,spearman,design,113,-0.020473848598591738,0.23419632860660253,0.35273065362809086,False
realistic,volatility,volatility_adjusted_momentum,7D,1H,spearman,validation,83,-0.07473503034695171,0.24049034040872627,0.004637836952406154,False
realistic,volatility,volatility_adjusted_momentum,7D,4H,spearman,validation,83,-0.03493371984177311,0.22941957980965264,0.16536684294365422,False
realistic,volatility,volatility_adjusted_momentum,7D,12H,spearman,validation,83,-0.03895280369598696,0.21924448135572588,0.10552568264575478,False
realistic,volatility,volatility_adjusted_momentum,7D,1D,spearman,validation,83,-0.023456230938792764,0.22747244629529498,0.3475055180240577,False
realistic,volatility,volatility_adjusted_momentum,7D,3D,spearman,validation,83,-0.04599148473593622,0.23612539247198383,0.07598198131393924,False
realistic,volatility,volatility_adjusted_momentum,7D,7D,spearman,validation,83,-0.08062022526195005,0.22052202827660894,0.0008663850894578453,True
realistic,volatility,volatility_adjusted_momentum,7D,7D,pearson,validation,83,-0.06971368606917047,0.24643402301862205,0.009959010255468692,False
realistic,volatility,volatility_adjusted_momentum,7D,14D,spearman,validation,83,-0.08584412839327232,0.19398961554052624,5.5412155534583575e-05,True
realistic,volatility,volatility_adjusted_momentum,7D,30D,spearman,validation,83,-0.017196605972763238,0.20163289680559657,0.4371594266900075,False
realistic,volatility,volatility_adjusted_momentum,14D,1H,spearman,design,113,0.02075102514224134,0.23196090389408672,0.3416227516941214,False
realistic,volatility,volatility_adjusted_momentum,14D,4H,spearman,design,113,0.0019783647040558204,0.23594903164394845,0.9289780295759321,False
realistic,volatility,volatility_adjusted_momentum,14D,12H,spearman,design,113,0.0045852854416102715,0.2395689437165606,0.838776957063613,False
realistic,volatility,volatility_adjusted_momentum,14D,1D,spearman,design,113,-0.00266833794533183,0.2545928038211839,0.9112892460854611,False
realistic,volatility,volatility_adjusted_momentum,14D,3D,spearman,design,113,0.013807912545549202,0.26462443077776915,0.5791180969415081,False
realistic,volatility,volatility_adjusted_momentum,14D,7D,spearman,design,113,-0.022442623998831023,0.20281540019869138,0.23948169222557703,False
realistic,volatility,volatility_adjusted_momentum,14D,14D,spearman,design,113,-0.028913120907422117,0.20358573303205013,0.13112336439782024,False
realistic,volatility,volatility_adjusted_momentum,14D,14D,pearson,design,113,-0.03641523324236509,0.20654456166427873,0.0609072524415302,False
realistic,volatility,volatility_adjusted_momentum,14D,30D,spearman,design,113,-0.06216334694101208,0.18509992567133884,0.0003569907433874511,True
realistic,volatility,volatility_adjusted_momentum,14D,1H,spearman,validation,83,-0.042721260983784766,0.2248931087621898,0.08351583335837866,False
realistic,volatility,volatility_adjusted_momentum,14D,4H,spearman,validation,83,-0.002252619500558627,0.24581511987103807,0.9334643997565062,False
realistic,volatility,volatility_adjusted_momentum,14D,12H,spearman,validation,83,-0.02800676389769604,0.2388922409495526,0.28548869836989443,False
realistic,volatility,volatility_adjusted_momentum,14D,1D,spearman,validation,83,-0.0247123833680587,0.26285865212052534,0.39171687315582393,False
realistic,volatility,volatility_adjusted_momentum,14D,3D,spearman,validation,83,-0.0827037473201075,0.25997079039470894,0.0037522071837601087,False
realistic,volatility,volatility_adjusted_momentum,14D,7D,spearman,validation,83,-0.08922003804692454,0.2505864644669203,0.001179781667750055,False
realistic,volatility,volatility_adjusted_momentum,14D,14D,spearman,validation,83,0.011435214542380043,0.2304129898994344,0.6511655238917422,False
realistic,volatility,volatility_adjusted_momentum,14D,14D,pearson,validation,83,-0.014376553812234402,0.2273806933308603,0.5645992505989601,False
realistic,volatility,volatility_adjusted_momentum,14D,30D,spearman,validation,83,-0.022471842256243022,0.23523549637679525,0.38413003673508417,False
realistic,volatility,volatility_adjusted_momentum,30D,1H,spearman,design,113,0.018972894234545234,0.23483272480546105,0.39042669316928513,False
realistic,volatility,volatility_adjusted_momentum,30D,4H,spearman,design,113,0.004655378686174048,0.2633724175867624,0.8509560041914753,False
realistic,volatility,volatility_adjusted_momentum,30D,12H,spearman,design,113,-0.008112094395280232,0.23495665331562698,0.7136074160301741,False
realistic,volatility,volatility_adjusted_momentum,30D,1D,spearman,design,113,-0.011982063435527922,0.2363661411684348,0.5899752188365626,False
realistic,volatility,volatility_adjusted_momentum,30D,3D,spearman,design,113,-0.03135588189630766,0.24543597054687183,0.17444358302504537,False
realistic,volatility,volatility_adjusted_momentum,30D,7D,spearman,design,113,-0.027282939258609827,0.201490834888797,0.15004324668146216,False
realistic,volatility,volatility_adjusted_momentum,30D,14D,spearman,design,113,-0.03515872580983954,0.20806642879767312,0.07245242864798603,False
realistic,volatility,volatility_adjusted_momentum,30D,30D,spearman,design,113,-0.02413970245760158,0.2403195215998205,0.28561942715876076,False
realistic,volatility,volatility_adjusted_momentum,30D,30D,pearson,design,113,-0.010478764516776196,0.25029444155852815,0.6562915507175511,False
realistic,volatility,volatility_adjusted_momentum,30D,1H,spearman,validation,83,-0.023205604372376717,0.2288668527242101,0.35562249544388025,False
realistic,volatility,volatility_adjusted_momentum,30D,4H,spearman,validation,83,-0.010713530814989283,0.21576202393591012,0.6510003050384299,False
realistic,volatility,volatility_adjusted_momentum,30D,12H,spearman,validation,83,-0.012440740405229944,0.21911735163505616,0.6049749982668597,False
realistic,volatility,volatility_adjusted_momentum,30D,1D,spearman,validation,83,0.005510764863967146,0.24436721405757084,0.8372198776099887,False
realistic,volatility,volatility_adjusted_momentum,30D,3D,spearman,validation,83,0.00861491077090316,0.23325768107337963,0.736512073317425,False
realistic,volatility,volatility_adjusted_momentum,30D,7D,spearman,validation,83,-0.018929854757375363,0.2346339414899374,0.46233109101831993,False
realistic,volatility,volatility_adjusted_momentum,30D,14D,spearman,validation,83,-0.005921430081227162,0.21785808746548763,0.8044256791868137,False
realistic,volatility,volatility_adjusted_momentum,30D,30D,spearman,validation,83,-0.09879518072289156,0.20633070947612278,1.2872938149083842e-05,True
realistic,volatility,volatility_adjusted_momentum,30D,30D,pearson,validation,83,-0.09047566741248596,0.21419016766660945,0.000118930063467494,True
realistic,volatility,volatility_regime_percentile,1H,1H,spearman,design,113,-0.012190225759525795,0.2420827084670654,0.5924509843899063,False
realistic,volatility,volatility_regime_percentile,1H,1H,pearson,design,113,-0.015637774233390845,0.25240955451538405,0.5101656725705539,False
realistic,volatility,volatility_regime_percentile,1H,4H,spearman,design,113,-0.018834126899416413,0.23606187778214494,0.39636945676144264,False
realistic,volatility,volatility_regime_percentile,1H,12H,spearman,design,113,-0.020806883787612442,0.22353750944502837,0.3224407904110429,False
realistic,volatility,volatility_regime_percentile,1H,1D,spearman,design,113,0.005178414964935675,0.2462376130526615,0.8231046675633013,False
realistic,volatility,volatility_regime_percentile,1H,3D,spearman,design,113,0.0015364442477878778,0.2660614267338334,0.9510512639934622,False
realistic,volatility,volatility_regime_percentile,1H,7D,spearman,design,113,0.005220213976732207,0.2733160408451806,0.839110783253909,False
realistic,volatility,volatility_regime_percentile,1H,14D,spearman,design,113,0.018026371845297595,0.261402664683396,0.4635238795623119,False
realistic,volatility,volatility_regime_percentile,1H,30D,spearman,design,113,0.005747428560269212,0.24931842930947015,0.8064160940975202,False
realistic,volatility,volatility_regime_percentile,1H,1H,spearman,validation,83,-0.03256051924824437,0.26096918664427143,0.2556688896742154,False
realistic,volatility,volatility_regime_percentile,1H,1H,pearson,validation,83,-0.028378061733425292,0.26147379018985606,0.3227775438284358,False
realistic,volatility,volatility_regime_percentile,1H,4H,spearman,validation,83,0.02216442547413912,0.2660727887433926,0.44790139160371745,False
realistic,volatility,volatility_regime_percentile,1H,12H,spearman,validation,83,0.033772615699511156,0.2376640484241567,0.19545346723438473,False
realistic,volatility,volatility_regime_percentile,1H,1D,spearman,validation,83,0.03360314246469115,0.2131193765327777,0.1508691717772965,False
realistic,volatility,volatility_regime_percentile,1H,3D,spearman,validation,83,0.012685931837444075,0.22404052984176462,0.6059497248919931,False
realistic,volatility,volatility_regime_percentile,1H,7D,spearman,validation,83,0.01594492353693327,0.22663849346156284,0.5215516587133324,False
realistic,volatility,volatility_regime_percentile,1H,14D,spearman,validation,83,0.016534368955135638,0.22907201955462364,0.5108021809429227,False
realistic,volatility,volatility_regime_percentile,1H,30D,spearman,validation,83,0.023315753883563568,0.26608494264181026,0.4246941997249637,False
realistic,volatility,volatility_regime_percentile,4H,1H,spearman,design,113,0.0287038000219513,0.25867546781951045,0.23817165280239005,False
realistic,volatility,volatility_regime_percentile,4H,4H,spearman,design,113,-0.005646848944761286,0.24078813770593885,0.8031340478073998,False
realistic,volatility,volatility_regime_percentile,4H,4H,pearson,design,113,-0.012910025712293199,0.23601700113760476,0.5609275852660992,False
realistic,volatility,volatility_regime_percentile,4H,12H,spearman,design,113,-0.007676139877964218,0.2539969241006051,0.748015053945603,False
realistic,volatility,volatility_regime_percentile,4H,1D,spearman,design,113,0.010674138139364665,0.24015429545105296,0.6365855709776835,False
realistic,volatility,volatility_regime_percentile,4H,3D,spearman,design,113,0.014781992170595264,0.2726756758865076,0.5644328943701675,False
realistic,volatility,volatility_regime_percentile,4H,7D,spearman,design,113,-0.0025440135455673646,0.2512882338733809,0.9142984092881422,False
realistic,volatility,volatility_regime_percentile,4H,14D,spearman,design,113,-0.006403242654631471,0.2555070138639122,0.7899301567819406,False
realistic,volatility,volatility_regime_percentile,4H,30D,spearman,design,113,-0.008001785609985608,0.2305120214181815,0.7121238060609556,False
realistic,volatility,volatility_regime_percentile,4H,1H,spearman,validation,83,-0.006062993495803466,0.2597610723890093,0.8316050514028464,False
realistic,volatility,volatility_regime_percentile,4H,4H,spearman,validation,83,-0.028901790255106162,0.23813919098379896,0.26886123186940336,False
realistic,volatility,volatility_regime_percentile,4H,4H,pearson,validation,83,-0.012106149905199882,0.24103231765798852,0.6472521081629165,False
realistic,volatility,volatility_regime_percentile,4H,12H,spearman,validation,83,0.012038118619444461,0.24076218464597013,0.6487337193434909,False
realistic,volatility,volatility_regime_percentile,4H,1D,spearman,validation,83,0.03191866981227102,0.2382798394410095,0.22231931172747443,False
realistic,volatility,volatility_regime_percentile,4H,3D,spearman,validation,83,0.013083184783041608,0.21744030572617568,0.5835775992715331,False
realistic,volatility,volatility_regime_percentile,4H,7D,spearman,validation,83,0.03219187567282896,0.18627270492725562,0.11537739398404528,False
realistic,volatility,volatility_regime_percentile,4H,14D,spearman,validation,83,0.04851183487026759,0.2173511467127353,0.04201118562022071,False
realistic,volatility,volatility_regime_percentile,4H,30D,spearman,validation,83,0.016763891531282788,0.22224262085377597,0.4919533270138282,False
realistic,volatility,volatility_regime_percentile,12H,1H,spearman,design,113,0.017077803549554307,0.26216820619128595,0.4886519795452918,False
realistic,volatility,volatility_regime_percentile,12H,4H,spearman,design,113,0.012712443248237608,0.2515715227045984,0.5911544458538585,False
realistic,volatility,volatility_regime_percentile,12H,12H,spearman,design,113,0.021788883680301588,0.26581511641409666,0.38356100572863105,False
realistic,volatility,volatility_regime_percentile,12H,12H,pearson,design,113,0.01842022887598966,0.2620221852085309,0.4548812491010513,False
realistic,volatility,volatility_regime_percentile,12H,1D,spearman,design,113,0.00807062013478187,0.2503438135476006,0.7318270360890803,False
realistic,volatility,volatility_regime_percentile,12H,3D,spearman,design,113,0.010599745453205323,0.24587505655741615,0.6467594165102504,False
realistic,volatility,volatility_regime_percentile,12H,7D,spearman,design,113,-0.00932350096690557,0.23361216930810136,0.671382838090061,False
realistic,volatility,volatility_regime_percentile,12H,14D,spearman,design,113,0.0049010246966416735,0.2378565229990807,0.8266237541871351,False
realistic,volatility,volatility_regime_percentile,12H,30D,spearman,design,113,-0.0010229063040890821,0.22284378374168892,0.9610827357384,False
realistic,volatility,volatility_regime_percentile,12H,1H,spearman,validation,83,0.023783993476130937,0.26020420163308977,0.40499128045018074,False
realistic,volatility,volatility_regime_percentile,12H,4H,spearman,validation,83,0.009063609977862075,0.23472977169848228,0.7250026912733833,False
realistic,volatility,volatility_regime_percentile,12H,12H,spearman,validation,83,0.028274682786362172,0.23780689756728587,0.27871557667181723,False
realistic,volatility,volatility_regime_percentile,12H,12H,pearson,validation,83,0.026261010487242695,0.23662192841788288,0.31196703339403775,False
realistic,volatility,volatility_regime_percentile,12H,1D,spearman,validation,83,0.037998991128895834,0.2412688604539921,0.15132670356122488,False
realistic,volatility,volatility_regime_percentile,12H,3D,spearman,validation,83,0.009906158842959005,0.22710994725135178,0.6910857964201986,False
realistic,volatility,volatility_regime_percentile,12H,7D,spearman,validation,83,0.02323618810858828,0.24325106706859181,0.3841581652361633,False
realistic,volatility,volatility_regime_percentile,12H,14D,spearman,validation,83,0.01410198226974635,0.22963216584948823,0.5758324873507363,False
realistic,volatility,volatility_regime_percentile,12H,30D,spearman,validation,83,0.013519198973934346,0.24765767988197757,0.6189615684413594,False
realistic,volatility,volatility_regime_percentile,1D,1H,spearman,design,113,-0.016695064777604803,0.2734614493477637,0.5163513944764686,False
realistic,volatility,volatility_regime_percentile,1D,4H,spearman,design,113,-0.012933364616667761,0.24434661932231275,0.5736678682442052,False
realistic,volatility,volatility_regime_percentile,1D,12H,spearman,design,113,-0.00578717187749564,0.22669691522911006,0.786107358507073,False
realistic,volatility,volatility_regime_percentile,1D,1D,spearman,design,113,-0.012532828722009493,0.26010780981117726,0.6085148727078946,False
realistic,volatility,volatility_regime_percentile,1D,1D,pearson,design,113,-0.027425925894266307,0.2441777912726447,0.23248868793245803,False
realistic,volatility,volatility_regime_percentile,1D,3D,spearman,design,113,0.007285106716305302,0.24068336156096545,0.7476361933238542,False
realistic,volatility,volatility_regime_percentile,1D,7D,spearman,design,113,-0.025748746402562816,0.22888922944376805,0.23176235795900613,False
realistic,volatility,volatility_regime_percentile,1D,14D,spearman,design,113,-0.011320766916013096,0.22641173671645043,0.595061433132315,False
realistic,volatility,volatility_regime_percentile,1D,30D,spearman,design,113,-0.0031006735405009196,0.22515577655151509,0.883613318737436,False
realistic,volatility,volatility_regime_percentile,1D,1H,spearman,validation,83,0.020844894985770284,0.23236702528918532,0.4137755424625056,False
realistic,volatility,volatility_regime_percentile,1D,4H,spearman,validation,83,0.008414657847703453,0.25251670342549787,0.7614413711573298,False
realistic,volatility,volatility_regime_percentile,1D,12H,spearman,validation,83,0.019382581092027965,0.23345868218457766,0.4494207805058428,False
realistic,volatility,volatility_regime_percentile,1D,1D,spearman,validation,83,0.04039733038314678,0.27072900202200667,0.17401029051830308,False
realistic,volatility,volatility_regime_percentile,1D,1D,pearson,validation,83,0.034920297994854764,0.2657858895576502,0.23131631340632663,False
realistic,volatility,volatility_regime_percentile,1D,3D,spearman,validation,83,-0.0013735384273555705,0.2658966667518939,0.9624641080725489,False
realistic,volatility,volatility_regime_percentile,1D,7D,spearman,validation,83,-0.004711251390564574,0.2547759645940561,0.8662152839083876,False
realistic,volatility,volatility_regime_percentile,1D,14D,spearman,validation,83,-0.010353465314608463,0.24183272209704243,0.6965065924352765,False
realistic,volatility,volatility_regime_percentile,1D,30D,spearman,validation,83,0.011771627608027684,0.27399270679814636,0.6954911104900634,False
realistic,volatility,volatility_regime_percentile,3D,1H,spearman,design,113,-0.0056425990798589665,0.2451307939874136,0.8066945856702699,False
realistic,volatility,volatility_regime_percentile,3D,4H,spearman,design,113,0.0017600968748374413,0.2607890158830737,0.9428055195899258,False
realistic,volatility,volatility_regime_percentile,3D,12H,spearman,design,113,0.014034944301675461,0.2380025156488888,0.5307530821531803,False
realistic,volatility,volatility_regime_percentile,3D,1D,spearman,design,113,0.0003681076889844069,0.2501491633663398,0.9875193442020301,False
realistic,volatility,volatility_regime_percentile,3D,3D,spearman,design,113,0.00950795996635258,0.2644221033259665,0.7022881340337912,False
realistic,volatility,volatility_regime_percentile,3D,3D,pearson,design,113,0.001528753941293702,0.2701744292803668,0.9520365056478268,False
realistic,volatility,volatility_regime_percentile,3D,7D,spearman,design,113,0.0017915340789672323,0.23080010626996275,0.9342378876514357,False
realistic,volatility,volatility_regime_percentile,3D,14D,spearman,design,113,0.019749356277046427,0.237021901547002,0.3757604730114742,False
realistic,volatility,volatility_regime_percentile,3D,30D,spearman,design,113,0.013264790942947968,0.23597932299757265,0.5501481051387453,False
realistic,volatility,volatility_regime_percentile,3D,1H,spearman,validation,83,0.019324084561631264,0.2595976629616744,0.49766527479982725,False
realistic,volatility,volatility_regime_percentile,3D,4H,spearman,validation,83,0.008232054144037066,0.2626504590866704,0.775229383467998,False
realistic,volatility,volatility_regime_percentile,3D,12H,spearman,validation,83,-0.0023223162799932053,0.25530516019842786,0.9339543803008656,False
realistic,volatility,volatility_regime_percentile,3D,1D,spearman,validation,83,0.019666326882617817,0.2480380751575925,0.47008313259238443,False
realistic,volatility,volatility_regime_percentile,3D,3D,spearman,validation,83,0.006553885912554724,0.23833840195830408,0.8021845721693215,False
realistic,volatility,volatility_regime_percentile,3D,3D,pearson,validation,83,-0.008865057212128501,0.23295626580805653,0.7288212979886318,False
realistic,volatility,volatility_regime_percentile,3D,7D,spearman,validation,83,-0.027586631089905878,0.24787537112406166,0.3106202073016049,False
realistic,volatility,volatility_regime_percentile,3D,14D,spearman,validation,83,0.001052616880774808,0.23356787378095387,0.9672497721262147,False
realistic,volatility,volatility_regime_percentile,3D,30D,spearman,validation,83,0.0232291629492763,0.2735508414984127,0.43914830986467757,False
realistic,volatility,volatility_regime_percentile,7D,1H,spearman,design,113,-0.004355912899155483,0.23353363017682724,0.842829546198532,False
realistic,volatility,volatility_regime_percentile,7D,4H,spearman,design,113,-0.0016863687703101593,0.2621935254342377,0.9454905724121172,False
realistic,volatility,volatility_regime_percentile,7D,12H,spearman,design,113,0.006105647231675129,0.239402159630768,0.7863077128970882,False
realistic,volatility,volatility_regime_percentile,7D,1D,spearman,design,113,-0.008665368471074391,0.23237367375301,0.6918061377278357,False
realistic,volatility,volatility_regime_percentile,7D,3D,spearman,design,113,0.019638189755057392,0.24531119580125077,0.39477616212286526,False
realistic,volatility,volatility_regime_percentile,7D,7D,spearman,design,113,0.03771647027504432,0.21522374837701455,0.06248205298816444,False
realistic,volatility,volatility_regime_percentile,7D,7D,pearson,design,113,0.05233004590945561,0.23250577224539568,0.016732859529602673,False
realistic,volatility,volatility_regime_percentile,7D,14D,spearman,design,113,0.05477454576079892,0.24379038880051657,0.016923340215391755,False
realistic,volatility,volatility_regime_percentile,7D,30D,spearman,design,113,0.04887542687540644,0.232480336258086,0.025428826660392315,False
realistic,volatility,volatility_regime_percentile,7D,1H,spearman,validation,83,0.008344618088861689,0.26055480409171977,0.7704595094942646,False
realistic,volatility,volatility_regime_percentile,7D,4H,spearman,validation,83,-0.01456609727121201,0.22028071138348604,0.5468886925314327,False
realistic,volatility,volatility_regime_percentile,7D,12H,spearman,validation,83,-0.007626067718140973,0.21448310826490033,0.7459936070757512,False
realistic,volatility,volatility_regime_percentile,7D,1D,spearman,validation,83,0.00024933512585998557,0.23668643057895708,0.9923425786310518,False
realistic,volatility,volatility_regime_percentile,7D,3D,spearman,validation,83,-0.018362402581260328,0.24721730942086997,0.49860274480925093,False
realistic,volatility,volatility_regime_percentile,7D,7D,spearman,validation,83,-0.015763733234843428,0.2517483026850481,0.5683600672770732,False
realistic,volatility,volatility_regime_percentile,7D,7D,pearson,validation,83,-0.02146830853191743,0.26301642139270404,0.4571033454295593,False
realistic,volatility,volatility_regime_percentile,7D,14D,spearman,validation,83,-0.012150202663866955,0.21828275681485157,0.6120768496523713,False
realistic,volatility,volatility_regime_percentile,7D,30D,spearman,validation,83,0.006577345741403703,0.33811634943403046,0.8593321204924955,False
realistic,volatility,volatility_regime_percentile,14D,1H,spearman,design,113,-0.02707510316092481,0.22721463323453966,0.2052633379215768,False
realistic,volatility,volatility_regime_percentile,14D,4H,spearman,design,113,-0.021014037206566343,0.25178449469961844,0.3749732080383794,False
realistic,volatility,volatility_regime_percentile,14D,12H,spearman,design,113,-0.006957174753632176,0.2206036608129175,0.737441961882287,False
realistic,volatility,volatility_regime_percentile,14D,1D,spearman,design,113,-0.002118419972902266,0.2450654985161868,0.9267852922686595,False
realistic,volatility,volatility_regime_percentile,14D,3D,spearman,design,113,0.019389415602064277,0.24332198823295145,0.39695253563392574,False
realistic,volatility,volatility_regime_percentile,14D,7D,spearman,design,113,0.03994885551960337,0.2513157815042183,0.09107478983693779,False
realistic,volatility,volatility_regime_percentile,14D,14D,spearman,design,113,0.046581205827286046,0.261569104391851,0.058350398483864675,False
realistic,volatility,volatility_regime_percentile,14D,14D,pearson,design,113,0.07539548542185132,0.26881306364109525,0.0028684403903696575,False
realistic,volatility,volatility_regime_percentile,14D,30D,spearman,design,113,0.0289934873334919,0.28006118590481716,0.27111796359761964,False
realistic,volatility,volatility_regime_percentile,14D,1H,spearman,validation,83,0.0178445576403053,0.22642682091061433,0.4727649123693647,False
realistic,volatility,volatility_regime_percentile,14D,4H,spearman,validation,83,0.010491914565787425,0.27129070419160567,0.7245851617187653,False
realistic,volatility,volatility_regime_percentile,14D,12H,spearman,validation,83,-0.0035534333720964734,0.24099339326060362,0.8931394129915619,False
realistic,volatility,volatility_regime_percentile,14D,1D,spearman,validation,83,0.03242027189218022,0.23391864835283324,0.2067067638366954,False
realistic,volatility,volatility_regime_percentile,14D,3D,spearman,validation,83,0.03431499532486641,0.2280167615307792,0.17035649265535058,False
realistic,volatility,volatility_regime_percentile,14D,7D,spearman,validation,83,0.015661718581993687,0.2457238561165271,0.5614613061317919,False
realistic,volatility,volatility_regime_percentile,14D,14D,spearman,validation,83,-0.0008516592296827222,0.27545463583472674,0.9775282211762932,False
realistic,volatility,volatility_regime_percentile,14D,14D,pearson,validation,83,-0.0075955527170939955,0.2961066230675885,0.815221399357239,False
realistic,volatility,volatility_regime_percentile,14D,30D,spearman,validation,83,0.03425219052608297,0.3159294589706446,0.32328597989853747,False
realistic,volatility,volatility_regime_percentile,30D,1H,spearman,design,113,-0.0018516464540714725,0.22421030962028077,0.9300441222060224,False
realistic,volatility,volatility_regime_percentile,30D,4H,spearman,design,113,-0.0017048028105425737,0.2208923626416446,0.9346138503607843,False
realistic,volatility,volatility_regime_percentile,30D,12H,spearman,design,113,0.014224266500838127,0.24487030949964422,0.5369087219381774,False
realistic,volatility,volatility_regime_percentile,30D,1D,spearman,design,113,0.007556435752319255,0.2267775923194595,0.7231844082104701,False
realistic,volatility,volatility_regime_percentile,30D,3D,spearman,design,113,0.010805366834374336,0.2407951334629207,0.6333522257522806,False
realistic,volatility,volatility_regime_percentile,30D,7D,spearman,design,113,-0.019737751786959447,0.22666039198791152,0.3546118737560644,False
realistic,volatility,volatility_regime_percentile,30D,14D,spearman,design,113,-0.03885220203159067,0.24145368221901042,0.08717494611365992,False
realistic,volatility,volatility_regime_percentile,30D,30D,spearman,design,113,-0.007909783633380386,0.25550425575635216,0.7420928161301683,False
realistic,volatility,volatility_regime_percentile,30D,30D,pearson,design,113,0.0022649088249415855,0.27642540587691355,0.9305930082080055,False
realistic,volatility,volatility_regime_percentile,30D,1H,spearman,validation,83,-0.024726467131597523,0.24191094474534008,0.35174720029130546,False
realistic,volatility,volatility_regime_percentile,30D,4H,spearman,validation,83,-0.014499410970597489,0.19873067066084338,0.5062435404892429,False
realistic,volatility,volatility_regime_percentile,30D,12H,spearman,validation,83,-0.020000142991635664,0.21432752917292688,0.3952431865030922,False
realistic,volatility,volatility_regime_percentile,30D,1D,spearman,validation,83,-0.0064136214175500444,0.22648199686386744,0.7964119616426479,False
realistic,volatility,volatility_regime_percentile,30D,3D,spearman,validation,83,-0.06345783601805988,0.2186997703143925,0.008205868949750809,False
realistic,volatility,volatility_regime_percentile,30D,7D,spearman,validation,83,-0.06628851839775893,0.20955157809417024,0.003952226019585067,False
realistic,volatility,volatility_regime_percentile,30D,14D,spearman,validation,83,-0.06436589358905602,0.22308639810527042,0.008574133318071714,False
realistic,volatility,volatility_regime_percentile,30D,30D,spearman,validation,83,-0.019295156867419925,0.2558338011607825,0.4920102556908953,False
realistic,volatility,volatility_regime_percentile,30D,30D,pearson,validation,83,-0.03867217354580834,0.25901027951358074,0.17374894927784756,False
realistic,relative_strength,relative_strength,1H,1H,spearman,design,113,-0.027327004392814415,0.22442530495858393,0.19553663362577367,False
realistic,relative_strength,relative_strength,1H,1H,pearson,design,113,-0.023091447447521844,0.20631517445767797,0.23414090413214128,False
realistic,relative_strength,relative_strength,1H,4H,spearman,design,113,0.014128925906645846,0.23431147212316858,0.5215257637743728,False
realistic,relative_strength,relative_strength,1H,12H,spearman,design,113,0.031677351890919386,0.2490496964023866,0.1763500378951275,False
realistic,relative_strength,relative_strength,1H,1D,spearman,design,113,0.012229787117455272,0.21558896754993004,0.5464955043548578,False
realistic,relative_strength,relative_strength,1H,3D,spearman,design,113,0.0025350009589303855,0.23263285289643829,0.907781937188626,False
realistic,relative_strength,relative_strength,1H,7D,spearman,design,113,-0.003214014995844635,0.23707455526471108,0.8854114969446881,False
realistic,relative_strength,relative_strength,1H,14D,spearman,design,113,-0.023094240024840864,0.22409098230176938,0.2732908697025739,False
realistic,relative_strength,relative_strength,1H,30D,spearman,design,113,-0.01354238015653397,0.25440143714476937,0.5714839351310632,False
realistic,relative_strength,relative_strength,1H,1H,spearman,validation,83,-0.021197572243862668,0.2432401209421692,0.4272279387854093,False
realistic,relative_strength,relative_strength,1H,1H,pearson,validation,83,-0.017005100102134862,0.2394613738104551,0.5176526841866621,False
realistic,relative_strength,relative_strength,1H,4H,spearman,validation,83,-0.012830268442189815,0.22313053114500966,0.6003754551907492,False
realistic,relative_strength,relative_strength,1H,12H,spearman,validation,83,0.027354530905577195,0.21478966765381924,0.24594338731016296,False
realistic,relative_strength,relative_strength,1H,1D,spearman,validation,83,0.05350424253404595,0.2513358152060983,0.052449664769405616,False
realistic,relative_strength,relative_strength,1H,3D,spearman,validation,83,0.0610955098589848,0.26179552784676535,0.033493944127795654,False
realistic,relative_strength,relative_strength,1H,7D,spearman,validation,83,0.05814838300570704,0.2703578989206674,0.050058294009378994,False
realistic,relative_strength,relative_strength,1H,14D,spearman,validation,83,0.00648911435214542,0.2175379404351986,0.7858046736802596,False
realistic,relative_strength,relative_strength,1H,30D,spearman,validation,83,-0.005827822568469367,0.2163728338559389,0.8061606946490142,False
realistic,relative_strength,relative_strength,4H,1H,spearman,design,113,-0.0441957313899011,0.2402648265685316,0.05053920084765312,False
realistic,relative_strength,relative_strength,4H,4H,spearman,design,113,-0.010097080285304618,0.23469765295528391,0.6474364477531919,False
realistic,relative_strength,relative_strength,4H,4H,pearson,design,113,-0.0014631833334958662,0.2240440447346602,0.9446527708535166,False
realistic,relative_strength,relative_strength,4H,12H,spearman,design,113,0.017378786633423744,0.24717209781464752,0.4548157732047162,False
realistic,relative_strength,relative_strength,4H,1D,spearman,design,113,-0.0007495639149931001,0.2302339139962354,0.9723921891901258,False
realistic,relative_strength,relative_strength,4H,3D,spearman,design,113,-0.01272957249970319,0.21669400899164368,0.5323241048463784,False
realistic,relative_strength,relative_strength,4H,7D,spearman,design,113,-0.002940948153830696,0.23877603170206108,0.8958314713182306,False
realistic,relative_strength,relative_strength,4H,14D,spearman,design,113,-0.02253532060239092,0.26077142050792856,0.35828653862591286,False
realistic,relative_strength,relative_strength,4H,30D,spearman,design,113,-0.016085372201978126,0.2816919343857503,0.5438442030424682,False
realistic,relative_strength,relative_strength,4H,1H,spearman,validation,83,0.022553371380257873,0.242247476278279,0.3963342226171205,False
realistic,relative_strength,relative_strength,4H,4H,spearman,validation,83,0.025657517287193888,0.2467398443159313,0.3434560928499507,False
realistic,relative_strength,relative_strength,4H,4H,pearson,validation,83,0.02499752737815413,0.24411591752407827,0.35086615912213925,False
realistic,relative_strength,relative_strength,4H,12H,spearman,validation,83,0.04202071443669414,0.23617167805136757,0.10502432447042917,False
realistic,relative_strength,relative_strength,4H,1D,spearman,validation,83,0.030600597880242778,0.22797719631288452,0.2213817168174671,False
realistic,relative_strength,relative_strength,4H,3D,spearman,validation,83,0.03125283087236162,0.2474889476546703,0.24995328720178323,False
realistic,relative_strength,relative_strength,4H,7D,spearman,validation,83,0.01869734577407374,0.24718063823888195,0.49073806783354434,False
realistic,relative_strength,relative_strength,4H,14D,spearman,validation,83,-0.02367062233897998,0.23873495719997517,0.3663659280991035,False
realistic,relative_strength,relative_strength,4H,30D,spearman,validation,83,0.01799679922698312,0.236008562343964,0.48723404370082934,False
realistic,relative_strength,relative_strength,12H,1H,spearman,design,113,-0.02111016740184663,0.24033667723389193,0.35045479614408825,False
realistic,relative_strength,relative_strength,12H,4H,spearman,design,113,0.011163776176516253,0.2586051147279507,0.6463096404360786,False
realistic,relative_strength,relative_strength,12H,12H,spearman,design,113,0.01903134332447465,0.2455089187418872,0.4099242704624043,False
realistic,relative_strength,relative_strength,12H,12H,pearson,design,113,0.018968854415990093,0.25722091483043763,0.4330846152529335,False
realistic,relative_strength,relative_strength,12H,1D,spearman,design,113,0.01172771856763199,0.2486725460840731,0.6161379023524953,False
realistic,relative_strength,relative_strength,12H,3D,spearman,design,113,-0.0017103208307076893,0.21151058319848678,0.9315000561569116,False
realistic,relative_strength,relative_strength,12H,7D,spearman,design,113,0.003498725992492941,0.2301546340824462,0.8716243523299466,False
realistic,relative_strength,relative_strength,12H,14D,spearman,design,113,-0.005023653616080807,0.2460402289019596,0.8281721071136262,False
realistic,relative_strength,relative_strength,12H,30D,spearman,design,113,-0.04476081536480452,0.2583433925005344,0.06550603357876457,False
realistic,relative_strength,relative_strength,12H,1H,spearman,validation,83,-0.009668750188724824,0.2343053130158984,0.7069558956806388,False
realistic,relative_strength,relative_strength,12H,4H,spearman,validation,83,-0.018452758402029167,0.2329447217672683,0.4704883821956479,False
realistic,relative_strength,relative_strength,12H,12H,spearman,validation,83,0.04781834103330616,0.23719181465426364,0.06625692670476716,False
realistic,relative_strength,relative_strength,12H,12H,pearson,validation,83,0.043418848150671645,0.2493960098342497,0.11271888141665802,False
realistic,relative_strength,relative_strength,12H,1D,spearman,validation,83,0.045248663828245314,0.22679028738115817,0.06911118387507016,False
realistic,relative_strength,relative_strength,12H,3D,spearman,validation,83,0.02038832019808558,0.2461799016836878,0.4505400212611993,False
realistic,relative_strength,relative_strength,12H,7D,spearman,validation,83,0.016562490563758792,0.21646531934832053,0.4857590164530694,False
realistic,relative_strength,relative_strength,12H,14D,spearman,validation,83,0.014110577648941627,0.2255100448992056,0.5686393369887159,False
realistic,relative_strength,relative_strength,12H,30D,spearman,validation,83,0.02292780143128906,0.2231320035918695,0.3492024528115091,False
realistic,relative_strength,relative_strength,1D,1H,spearman,design,113,-0.02719960364210891,0.2508626358008088,0.24908855210898972,False
realistic,relative_strength,relative_strength,1D,4H,spearman,design,113,-0.007863457446322731,0.2690657837070814,0.7560542406212951,False
realistic,relative_strength,relative_strength,1D,12H,spearman,design,113,0.030885092742266914,0.24402148334636647,0.17848745094579288,False
realistic,relative_strength,relative_strength,1D,1D,spearman,design,113,0.02267596372503356,0.25285149971073434,0.34042714151460607,False
realistic,relative_strength,relative_strength,1D,1D,pearson,design,113,0.0188754914630757,0.2523962401979079,0.42662683362979037,False
realistic,relative_strength,relative_strength,1D,3D,spearman,design,113,0.012183438815675306,0.2323439996841344,0.5772447997167982,False
realistic,relative_strength,relative_strength,1D,7D,spearman,design,113,0.0017087226134049338,0.2387499787732645,0.9393558777394035,False
realistic,relative_strength,relative_strength,1D,14D,spearman,design,113,-0.014256554974108883,0.23656030622539648,0.5217586279444174,False
realistic,relative_strength,relative_strength,1D,30D,spearman,design,113,-0.025607550891805244,0.24780026033074184,0.27198020515391474,False
realistic,relative_strength,relative_strength,1D,1H,spearman,validation,83,-0.021466316393393123,0.2383819201037812,0.41199069155340906,False
realistic,relative_strength,relative_strength,1D,4H,spearman,validation,83,-0.04648971827158257,0.24672542523704902,0.08604292664494625,False
realistic,relative_strength,relative_strength,1D,12H,spearman,validation,83,0.0004861551469034058,0.24392335242566746,0.9855130570010829,False
realistic,relative_strength,relative_strength,1D,1D,spearman,validation,83,0.018072289156626516,0.21958540667855997,0.4533717341335637,False
realistic,relative_strength,relative_strength,1D,1D,pearson,validation,83,0.020619793607197463,0.21675131363573708,0.38611425260226284,False
realistic,relative_strength,relative_strength,1D,3D,spearman,validation,83,0.006869583597548084,0.2261646374918478,0.7819930539446039,False
realistic,relative_strength,relative_strength,1D,7D,spearman,validation,83,-0.006929975541262794,0.22632538986492978,0.780277722284006,False
realistic,relative_strength,relative_strength,1D,14D,spearman,validation,83,-0.04305039707702992,0.22593490666099952,0.08257574242113971,False
realistic,relative_strength,relative_strength,1D,30D,spearman,validation,83,0.015366730078207564,0.21943911337658537,0.5234872683995822,False
realistic,relative_strength,relative_strength,3D,1H,spearman,design,113,0.029861777034987266,0.2775945037808188,0.25282249093524856,False
realistic,relative_strength,relative_strength,3D,4H,spearman,design,113,0.021660182470752628,0.2663735786627291,0.387373188928249,False
realistic,relative_strength,relative_strength,3D,12H,spearman,design,113,0.005219321077289795,0.2422727609562363,0.8188635206294843,False
realistic,relative_strength,relative_strength,3D,1D,spearman,design,113,-0.0023162735052101907,0.2585624687741313,0.9241339197140253,False
realistic,relative_strength,relative_strength,3D,3D,spearman,design,113,-0.011687078184790457,0.24053012068038904,0.6055007744853249,False
realistic,relative_strength,relative_strength,3D,3D,pearson,design,113,-0.009902471464697247,0.24665617855008098,0.6695490499349189,False
realistic,relative_strength,relative_strength,3D,7D,spearman,design,113,-0.004982328282966659,0.2336864959652545,0.8207031246520583,False
realistic,relative_strength,relative_strength,3D,14D,spearman,design,113,-0.01844434094084769,0.2423866203586436,0.41857386407391495,False
realistic,relative_strength,relative_strength,3D,30D,spearman,design,113,-0.030225713946500813,0.24176477528173582,0.1838502076017734,False
realistic,relative_strength,relative_strength,3D,1H,spearman,validation,83,-0.02701029682640335,0.23924907688034225,0.3036992853124436,False
realistic,relative_strength,relative_strength,3D,4H,spearman,validation,83,-0.03771174925264969,0.23279600352916957,0.13998600446516818,False
realistic,relative_strength,relative_strength,3D,12H,spearman,validation,83,-0.0012863484011232885,0.24093194908465015,0.9612053267648657,False
realistic,relative_strength,relative_strength,3D,1D,spearman,validation,83,0.005480568892109791,0.219770019103976,0.8202731437063118,False
realistic,relative_strength,relative_strength,3D,3D,spearman,validation,83,-0.03524775794908959,0.1964599151028861,0.10214469432064728,False
realistic,relative_strength,relative_strength,3D,3D,pearson,validation,83,-0.03428917224986991,0.20993200613835294,0.13673782799012135,False
realistic,relative_strength,relative_strength,3D,7D,spearman,validation,83,-0.025950418214210222,0.23977404572671582,0.32412829850178015,False
realistic,relative_strength,relative_strength,3D,14D,spearman,validation,83,-0.06878642389105295,0.2137110166702568,0.0033641424874602853,False
realistic,relative_strength,relative_strength,3D,30D,spearman,validation,83,-0.0022163843343297996,0.21700845902008514,0.9258653579393439,False
realistic,relative_strength,relative_strength,7D,1H,spearman,design,113,0.01072175493392513,0.25139623439611797,0.6502871819902698,False
realistic,relative_strength,relative_strength,7D,4H,spearman,design,113,0.018695946007653175,0.23081689688192097,0.3892206627399958,False
realistic,relative_strength,relative_strength,7D,12H,spearman,design,113,0.00746983935632939,0.24279228736063352,0.7436292458858211,False
realistic,relative_strength,relative_strength,7D,1D,spearman,design,113,0.006911833200909611,0.26642229954337143,0.7827174697626087,False
realistic,relative_strength,relative_strength,7D,3D,spearman,design,113,0.011188434386330213,0.278731864633726,0.6695983672319892,False
realistic,relative_strength,relative_strength,7D,7D,spearman,design,113,-0.00610838653113784,0.24019931454955545,0.7869065194941784,False
realistic,relative_strength,relative_strength,7D,7D,pearson,design,113,-0.008992799335939815,0.2372010183342118,0.6869396714361193,False
realistic,relative_strength,relative_strength,7D,14D,spearman,design,113,-0.01902928847365681,0.21347661531559486,0.34334822621392347,False
realistic,relative_strength,relative_strength,7D,30D,spearman,design,113,-0.020291423509319895,0.23416007756631652,0.35696267708694174,False
realistic,relative_strength,relative_strength,7D,1H,spearman,validation,83,-0.0746233052510795,0.23967450684114608,0.00456026790812509,False
realistic,relative_strength,relative_strength,7D,4H,spearman,validation,83,-0.03439925113989794,0.2280523361326461,0.16937609994807934,False
realistic,relative_strength,relative_strength,7D,12H,spearman,validation,83,-0.03645861642056949,0.21608883913570162,0.12426468883534074,False
realistic,relative_strength,relative_strength,7D,1D,spearman,validation,83,-0.020170909200712624,0.22410350484227154,0.41221393341979395,False
realistic,relative_strength,relative_strength,7D,3D,spearman,validation,83,-0.04106954132318749,0.23628190015247416,0.11329893043637698,False
realistic,relative_strength,relative_strength,7D,7D,spearman,validation,83,-0.07576169339010176,0.2174091365418014,0.0014996036974184676,False
realistic,relative_strength,relative_strength,7D,7D,pearson,validation,83,-0.06863277701631697,0.24581591357315052,0.010969493032882199,False
realistic,relative_strength,relative_strength,7D,14D,spearman,validation,83,-0.08075610713530813,0.19142465385555918,0.00012133722895399309,True
realistic,relative_strength,relative_strength,7D,30D,spearman,validation,83,-0.011036627713862976,0.19969502710607684,0.6146056787956924,False
realistic,relative_strength,relative_strength,14D,1H,spearman,design,113,0.021820689151300945,0.2316556123256167,0.31668107773149834,False
realistic,relative_strength,relative_strength,14D,4H,spearman,design,113,0.00465058403426578,0.23503926652489676,0.8334082048795872,False
realistic,relative_strength,relative_strength,14D,12H,spearman,design,113,0.008378540051325606,0.23962944158186972,0.7101322623920228,False
realistic,relative_strength,relative_strength,14D,1D,spearman,design,113,0.00012192114852461223,0.2533929812868033,0.995919044551787,False
realistic,relative_strength,relative_strength,14D,3D,spearman,design,113,0.016035827465592675,0.2638460865913433,0.5182336719134328,False
realistic,relative_strength,relative_strength,14D,7D,spearman,design,113,-0.019211256929413584,0.20018625452163039,0.30766098667903774,False
realistic,relative_strength,relative_strength,14D,14D,spearman,design,113,-0.027294583413244197,0.2043984538264112,0.15575073645691304,False
realistic,relative_strength,relative_strength,14D,14D,pearson,design,113,-0.03289253916295093,0.20378202962802544,0.08619570635962048,False
realistic,relative_strength,relative_strength,14D,30D,spearman,design,113,-0.06308848644255094,0.1846910661418549,0.0002821679594016182,True
realistic,relative_strength,relative_strength,14D,1H,spearman,validation,83,-0.042186792281909594,0.22768874122541838,0.09141007070602283,False
realistic,relative_strength,relative_strength,14D,4H,spearman,validation,83,5.435274934323253e-05,0.24581225151861671,0.9983927005124553,False
realistic,relative_strength,relative_strength,14D,12H,spearman,validation,83,-0.029133073647975363,0.23860476971799005,0.2659824396860302,False
realistic,relative_strength,relative_strength,14D,1D,spearman,validation,83,-0.02275870398888788,0.2620971856922976,0.42889325878679596,False
realistic,relative_strength,relative_strength,14D,3D,spearman,validation,83,-0.08025787359966179,0.25895912255427134,0.004749501933746825,False
realistic,relative_strength,relative_strength,14D,7D,spearman,validation,83,-0.08637255790077603,0.2521983226654094,0.0018077148600912927,False
realistic,relative_strength,relative_strength,14D,14D,spearman,validation,83,0.014524262463387382,0.23246246945833424,0.5692067281787383,False
realistic,relative_strength,relative_strength,14D,14D,pearson,validation,83,-0.012477466352687594,0.22878202532739111,0.619280100917381,False
realistic,relative_strength,relative_strength,14D,30D,spearman,validation,83,-0.02098620044086119,0.23858703952064264,0.4229250230555347,False
realistic,relative_strength,relative_strength,30D,1H,spearman,design,113,0.018303012867932456,0.23372850529960668,0.40516367697571365,False
realistic,relative_strength,relative_strength,30D,4H,spearman,design,113,0.006361361498488546,0.2660620931255668,0.7993723617251691,False
realistic,relative_strength,relative_strength,30D,12H,spearman,design,113,-0.005664538754486427,0.2387829814783112,0.8009065305634255,False
realistic,relative_strength,relative_strength,30D,1D,spearman,design,113,-0.010665132378056021,0.23771675683152121,0.6334189799384562,False
realistic,relative_strength,relative_strength,30D,3D,spearman,design,113,-0.030844908992940446,0.24594056357745536,0.18246895295631937,False
realistic,relative_strength,relative_strength,30D,7D,spearman,design,113,-0.028503748961158752,0.19801329358247688,0.12596839879168586,False
realistic,relative_strength,relative_strength,30D,14D,spearman,design,113,-0.03519137510616729,0.2064727536392404,0.07001552277920735,False
realistic,relative_strength,relative_strength,30D,30D,spearman,design,113,-0.027979762002611944,0.23712900438853007,0.20973598761083112,False
realistic,relative_strength,relative_strength,30D,30D,pearson,design,113,-0.013225460046753226,0.251644410310347,0.5763804849288847,False
realistic,relative_strength,relative_strength,30D,1H,spearman,validation,83,-0.024591599480629278,0.2292463984720259,0.3284257731187151,False
realistic,relative_strength,relative_strength,30D,4H,spearman,validation,83,-0.011552978832623729,0.2201961884576757,0.6326538633510269,False
realistic,relative_strength,relative_strength,30D,12H,spearman,validation,83,-0.00847902889754507,0.22197015174921922,0.7278333600211214,False
realistic,relative_strength,relative_strength,30D,1D,spearman,validation,83,0.006721623335447051,0.24438273242054062,0.8021404982323745,False
realistic,relative_strength,relative_strength,30D,3D,spearman,validation,83,0.011779448621553886,0.233794063257056,0.6462206229581549,False
realistic,relative_strength,relative_strength,30D,7D,spearman,validation,83,-0.016290726817042613,0.23569547440333405,0.5288960345270068,False
realistic,relative_strength,relative_strength,30D,14D,spearman,validation,83,-0.004429749071473867,0.21572029413716007,0.8515979741993385,False
realistic,relative_strength,relative_strength,30D,30D,spearman,validation,83,-0.09538605550019627,0.20364888259381095,1.9795122384672305e-05,True
realistic,relative_strength,relative_strength,30D,30D,pearson,validation,83,-0.09158435179218416,0.21255918244789013,8.659700863263077e-05,True
realistic,cross_sectional,cross_sectional_relative_strength,1H,1H,spearman,design,113,-0.027327004392814415,0.22442530495858393,0.19553663362577367,False
realistic,cross_sectional,cross_sectional_relative_strength,1H,4H,spearman,design,113,0.014128925906645846,0.23431147212316858,0.5215257637743728,False
realistic,cross_sectional,cross_sectional_relative_strength,1H,12H,spearman,design,113,0.031677351890919386,0.2490496964023866,0.1763500378951275,False
realistic,cross_sectional,cross_sectional_relative_strength,1H,1D,spearman,design,113,0.012229787117455272,0.21558896754993004,0.5464955043548578,False
realistic,cross_sectional,cross_sectional_relative_strength,1H,3D,spearman,design,113,0.0025350009589303855,0.23263285289643829,0.907781937188626,False
realistic,cross_sectional,cross_sectional_relative_strength,1H,7D,spearman,design,113,-0.003214014995844635,0.23707455526471108,0.8854114969446881,False
realistic,cross_sectional,cross_sectional_relative_strength,1H,14D,spearman,design,113,-0.023094240024840864,0.22409098230176938,0.2732908697025739,False
realistic,cross_sectional,cross_sectional_relative_strength,1H,30D,spearman,design,113,-0.01354238015653397,0.25440143714476937,0.5714839351310632,False
realistic,cross_sectional,cross_sectional_relative_strength,1H,1H,spearman,validation,83,-0.021197572243862668,0.2432401209421692,0.4272279387854093,False
realistic,cross_sectional,cross_sectional_relative_strength,1H,4H,spearman,validation,83,-0.012830268442189815,0.22313053114500966,0.6003754551907492,False
realistic,cross_sectional,cross_sectional_relative_strength,1H,12H,spearman,validation,83,0.027354530905577195,0.21478966765381924,0.24594338731016296,False
realistic,cross_sectional,cross_sectional_relative_strength,1H,1D,spearman,validation,83,0.05350424253404595,0.2513358152060983,0.052449664769405616,False
realistic,cross_sectional,cross_sectional_relative_strength,1H,3D,spearman,validation,83,0.0610955098589848,0.26179552784676535,0.033493944127795654,False
realistic,cross_sectional,cross_sectional_relative_strength,1H,7D,spearman,validation,83,0.05814838300570704,0.2703578989206674,0.050058294009378994,False
realistic,cross_sectional,cross_sectional_relative_strength,1H,14D,spearman,validation,83,0.00648911435214542,0.2175379404351986,0.7858046736802596,False
realistic,cross_sectional,cross_sectional_relative_strength,1H,30D,spearman,validation,83,-0.005827822568469367,0.2163728338559389,0.8061606946490142,False
realistic,cross_sectional,cross_sectional_relative_strength,4H,1H,spearman,design,113,-0.0441957313899011,0.2402648265685316,0.05053920084765312,False
realistic,cross_sectional,cross_sectional_relative_strength,4H,4H,spearman,design,113,-0.010097080285304618,0.23469765295528391,0.6474364477531919,False
realistic,cross_sectional,cross_sectional_relative_strength,4H,12H,spearman,design,113,0.017378786633423744,0.24717209781464752,0.4548157732047162,False
realistic,cross_sectional,cross_sectional_relative_strength,4H,1D,spearman,design,113,-0.0007495639149931001,0.2302339139962354,0.9723921891901258,False
realistic,cross_sectional,cross_sectional_relative_strength,4H,3D,spearman,design,113,-0.01272957249970319,0.21669400899164368,0.5323241048463784,False
realistic,cross_sectional,cross_sectional_relative_strength,4H,7D,spearman,design,113,-0.002940948153830696,0.23877603170206108,0.8958314713182306,False
realistic,cross_sectional,cross_sectional_relative_strength,4H,14D,spearman,design,113,-0.02253532060239092,0.26077142050792856,0.35828653862591286,False
realistic,cross_sectional,cross_sectional_relative_strength,4H,30D,spearman,design,113,-0.016085372201978126,0.2816919343857503,0.5438442030424682,False
realistic,cross_sectional,cross_sectional_relative_strength,4H,1H,spearman,validation,83,0.022553371380257873,0.242247476278279,0.3963342226171205,False
realistic,cross_sectional,cross_sectional_relative_strength,4H,4H,spearman,validation,83,0.025657517287193888,0.2467398443159313,0.3434560928499507,False
realistic,cross_sectional,cross_sectional_relative_strength,4H,12H,spearman,validation,83,0.04202071443669414,0.23617167805136757,0.10502432447042917,False
realistic,cross_sectional,cross_sectional_relative_strength,4H,1D,spearman,validation,83,0.030600597880242778,0.22797719631288452,0.2213817168174671,False
realistic,cross_sectional,cross_sectional_relative_strength,4H,3D,spearman,validation,83,0.03125283087236162,0.2474889476546703,0.24995328720178323,False
realistic,cross_sectional,cross_sectional_relative_strength,4H,7D,spearman,validation,83,0.01869734577407374,0.24718063823888195,0.49073806783354434,False
realistic,cross_sectional,cross_sectional_relative_strength,4H,14D,spearman,validation,83,-0.02367062233897998,0.23873495719997517,0.3663659280991035,False
realistic,cross_sectional,cross_sectional_relative_strength,4H,30D,spearman,validation,83,0.01799679922698312,0.236008562343964,0.48723404370082934,False
realistic,cross_sectional,cross_sectional_relative_strength,12H,1H,spearman,design,113,-0.02111016740184663,0.24033667723389193,0.35045479614408825,False
realistic,cross_sectional,cross_sectional_relative_strength,12H,4H,spearman,design,113,0.011163776176516253,0.2586051147279507,0.6463096404360786,False
realistic,cross_sectional,cross_sectional_relative_strength,12H,12H,spearman,design,113,0.01903134332447465,0.2455089187418872,0.4099242704624043,False
realistic,cross_sectional,cross_sectional_relative_strength,12H,1D,spearman,design,113,0.01172771856763199,0.2486725460840731,0.6161379023524953,False
realistic,cross_sectional,cross_sectional_relative_strength,12H,3D,spearman,design,113,-0.0017103208307076893,0.21151058319848678,0.9315000561569116,False
realistic,cross_sectional,cross_sectional_relative_strength,12H,7D,spearman,design,113,0.003498725992492941,0.2301546340824462,0.8716243523299466,False
realistic,cross_sectional,cross_sectional_relative_strength,12H,14D,spearman,design,113,-0.005023653616080807,0.2460402289019596,0.8281721071136262,False
realistic,cross_sectional,cross_sectional_relative_strength,12H,30D,spearman,design,113,-0.04476081536480452,0.2583433925005344,0.06550603357876457,False
realistic,cross_sectional,cross_sectional_relative_strength,12H,1H,spearman,validation,83,-0.009668750188724824,0.2343053130158984,0.7069558956806388,False
realistic,cross_sectional,cross_sectional_relative_strength,12H,4H,spearman,validation,83,-0.018452758402029167,0.2329447217672683,0.4704883821956479,False
realistic,cross_sectional,cross_sectional_relative_strength,12H,12H,spearman,validation,83,0.04781834103330616,0.23719181465426364,0.06625692670476716,False
realistic,cross_sectional,cross_sectional_relative_strength,12H,1D,spearman,validation,83,0.045248663828245314,0.22679028738115817,0.06911118387507016,False
realistic,cross_sectional,cross_sectional_relative_strength,12H,3D,spearman,validation,83,0.02038832019808558,0.2461799016836878,0.4505400212611993,False
realistic,cross_sectional,cross_sectional_relative_strength,12H,7D,spearman,validation,83,0.016562490563758792,0.21646531934832053,0.4857590164530694,False
realistic,cross_sectional,cross_sectional_relative_strength,12H,14D,spearman,validation,83,0.014110577648941627,0.2255100448992056,0.5686393369887159,False
realistic,cross_sectional,cross_sectional_relative_strength,12H,30D,spearman,validation,83,0.02292780143128906,0.2231320035918695,0.3492024528115091,False
realistic,cross_sectional,cross_sectional_relative_strength,1D,1H,spearman,design,113,-0.02719960364210891,0.2508626358008088,0.24908855210898972,False
realistic,cross_sectional,cross_sectional_relative_strength,1D,4H,spearman,design,113,-0.007863457446322731,0.2690657837070814,0.7560542406212951,False
realistic,cross_sectional,cross_sectional_relative_strength,1D,12H,spearman,design,113,0.030885092742266914,0.24402148334636647,0.17848745094579288,False
realistic,cross_sectional,cross_sectional_relative_strength,1D,1D,spearman,design,113,0.02267596372503356,0.25285149971073434,0.34042714151460607,False
realistic,cross_sectional,cross_sectional_relative_strength,1D,3D,spearman,design,113,0.012183438815675306,0.2323439996841344,0.5772447997167982,False
realistic,cross_sectional,cross_sectional_relative_strength,1D,7D,spearman,design,113,0.0017087226134049338,0.2387499787732645,0.9393558777394035,False
realistic,cross_sectional,cross_sectional_relative_strength,1D,14D,spearman,design,113,-0.014256554974108883,0.23656030622539648,0.5217586279444174,False
realistic,cross_sectional,cross_sectional_relative_strength,1D,30D,spearman,design,113,-0.025607550891805244,0.24780026033074184,0.27198020515391474,False
realistic,cross_sectional,cross_sectional_relative_strength,1D,1H,spearman,validation,83,-0.021466316393393123,0.2383819201037812,0.41199069155340906,False
realistic,cross_sectional,cross_sectional_relative_strength,1D,4H,spearman,validation,83,-0.04648971827158257,0.24672542523704902,0.08604292664494625,False
realistic,cross_sectional,cross_sectional_relative_strength,1D,12H,spearman,validation,83,0.0004861551469034058,0.24392335242566746,0.9855130570010829,False
realistic,cross_sectional,cross_sectional_relative_strength,1D,1D,spearman,validation,83,0.018072289156626516,0.21958540667855997,0.4533717341335637,False
realistic,cross_sectional,cross_sectional_relative_strength,1D,3D,spearman,validation,83,0.006869583597548084,0.2261646374918478,0.7819930539446039,False
realistic,cross_sectional,cross_sectional_relative_strength,1D,7D,spearman,validation,83,-0.006929975541262794,0.22632538986492978,0.780277722284006,False
realistic,cross_sectional,cross_sectional_relative_strength,1D,14D,spearman,validation,83,-0.04305039707702992,0.22593490666099952,0.08257574242113971,False
realistic,cross_sectional,cross_sectional_relative_strength,1D,30D,spearman,validation,83,0.015366730078207564,0.21943911337658537,0.5234872683995822,False
realistic,cross_sectional,cross_sectional_relative_strength,3D,1H,spearman,design,113,0.029861777034987266,0.2775945037808188,0.25282249093524856,False
realistic,cross_sectional,cross_sectional_relative_strength,3D,4H,spearman,design,113,0.021660182470752628,0.2663735786627291,0.387373188928249,False
realistic,cross_sectional,cross_sectional_relative_strength,3D,12H,spearman,design,113,0.005219321077289795,0.2422727609562363,0.8188635206294843,False
realistic,cross_sectional,cross_sectional_relative_strength,3D,1D,spearman,design,113,-0.0023162735052101907,0.2585624687741313,0.9241339197140253,False
realistic,cross_sectional,cross_sectional_relative_strength,3D,3D,spearman,design,113,-0.011687078184790457,0.24053012068038904,0.6055007744853249,False
realistic,cross_sectional,cross_sectional_relative_strength,3D,7D,spearman,design,113,-0.004982328282966659,0.2336864959652545,0.8207031246520583,False
realistic,cross_sectional,cross_sectional_relative_strength,3D,14D,spearman,design,113,-0.01844434094084769,0.2423866203586436,0.41857386407391495,False
realistic,cross_sectional,cross_sectional_relative_strength,3D,30D,spearman,design,113,-0.030225713946500813,0.24176477528173582,0.1838502076017734,False
realistic,cross_sectional,cross_sectional_relative_strength,3D,1H,spearman,validation,83,-0.02701029682640335,0.23924907688034225,0.3036992853124436,False
realistic,cross_sectional,cross_sectional_relative_strength,3D,4H,spearman,validation,83,-0.03771174925264969,0.23279600352916957,0.13998600446516818,False
realistic,cross_sectional,cross_sectional_relative_strength,3D,12H,spearman,validation,83,-0.0012863484011232885,0.24093194908465015,0.9612053267648657,False
realistic,cross_sectional,cross_sectional_relative_strength,3D,1D,spearman,validation,83,0.005480568892109791,0.219770019103976,0.8202731437063118,False
realistic,cross_sectional,cross_sectional_relative_strength,3D,3D,spearman,validation,83,-0.03524775794908959,0.1964599151028861,0.10214469432064728,False
realistic,cross_sectional,cross_sectional_relative_strength,3D,7D,spearman,validation,83,-0.025950418214210222,0.23977404572671582,0.32412829850178015,False
realistic,cross_sectional,cross_sectional_relative_strength,3D,14D,spearman,validation,83,-0.06878642389105295,0.2137110166702568,0.0033641424874602853,False
realistic,cross_sectional,cross_sectional_relative_strength,3D,30D,spearman,validation,83,-0.0022163843343297996,0.21700845902008514,0.9258653579393439,False
realistic,cross_sectional,cross_sectional_relative_strength,7D,1H,spearman,design,113,0.01072175493392513,0.25139623439611797,0.6502871819902698,False
realistic,cross_sectional,cross_sectional_relative_strength,7D,4H,spearman,design,113,0.018695946007653175,0.23081689688192097,0.3892206627399958,False
realistic,cross_sectional,cross_sectional_relative_strength,7D,12H,spearman,design,113,0.00746983935632939,0.24279228736063352,0.7436292458858211,False
realistic,cross_sectional,cross_sectional_relative_strength,7D,1D,spearman,design,113,0.006911833200909611,0.26642229954337143,0.7827174697626087,False
realistic,cross_sectional,cross_sectional_relative_strength,7D,3D,spearman,design,113,0.011188434386330213,0.278731864633726,0.6695983672319892,False
realistic,cross_sectional,cross_sectional_relative_strength,7D,7D,spearman,design,113,-0.00610838653113784,0.24019931454955545,0.7869065194941784,False
realistic,cross_sectional,cross_sectional_relative_strength,7D,14D,spearman,design,113,-0.01902928847365681,0.21347661531559486,0.34334822621392347,False
realistic,cross_sectional,cross_sectional_relative_strength,7D,30D,spearman,design,113,-0.020291423509319895,0.23416007756631652,0.35696267708694174,False
realistic,cross_sectional,cross_sectional_relative_strength,7D,1H,spearman,validation,83,-0.0746233052510795,0.23967450684114608,0.00456026790812509,False
realistic,cross_sectional,cross_sectional_relative_strength,7D,4H,spearman,validation,83,-0.03439925113989794,0.2280523361326461,0.16937609994807934,False
realistic,cross_sectional,cross_sectional_relative_strength,7D,12H,spearman,validation,83,-0.03645861642056949,0.21608883913570162,0.12426468883534074,False
realistic,cross_sectional,cross_sectional_relative_strength,7D,1D,spearman,validation,83,-0.020170909200712624,0.22410350484227154,0.41221393341979395,False
realistic,cross_sectional,cross_sectional_relative_strength,7D,3D,spearman,validation,83,-0.04106954132318749,0.23628190015247416,0.11329893043637698,False
realistic,cross_sectional,cross_sectional_relative_strength,7D,7D,spearman,validation,83,-0.07576169339010176,0.2174091365418014,0.0014996036974184676,False
realistic,cross_sectional,cross_sectional_relative_strength,7D,14D,spearman,validation,83,-0.08075610713530813,0.19142465385555918,0.00012133722895399309,True
realistic,cross_sectional,cross_sectional_relative_strength,7D,30D,spearman,validation,83,-0.011036627713862976,0.19969502710607684,0.6146056787956924,False
realistic,cross_sectional,cross_sectional_relative_strength,14D,1H,spearman,design,113,0.021820689151300945,0.2316556123256167,0.31668107773149834,False
realistic,cross_sectional,cross_sectional_relative_strength,14D,4H,spearman,design,113,0.00465058403426578,0.23503926652489676,0.8334082048795872,False
realistic,cross_sectional,cross_sectional_relative_strength,14D,12H,spearman,design,113,0.008378540051325606,0.23962944158186972,0.7101322623920228,False
realistic,cross_sectional,cross_sectional_relative_strength,14D,1D,spearman,design,113,0.00012192114852461223,0.2533929812868033,0.995919044551787,False
realistic,cross_sectional,cross_sectional_relative_strength,14D,3D,spearman,design,113,0.016035827465592675,0.2638460865913433,0.5182336719134328,False
realistic,cross_sectional,cross_sectional_relative_strength,14D,7D,spearman,design,113,-0.019211256929413584,0.20018625452163039,0.30766098667903774,False
realistic,cross_sectional,cross_sectional_relative_strength,14D,14D,spearman,design,113,-0.027294583413244197,0.2043984538264112,0.15575073645691304,False
realistic,cross_sectional,cross_sectional_relative_strength,14D,30D,spearman,design,113,-0.06308848644255094,0.1846910661418549,0.0002821679594016182,True
realistic,cross_sectional,cross_sectional_relative_strength,14D,1H,spearman,validation,83,-0.042186792281909594,0.22768874122541838,0.09141007070602283,False
realistic,cross_sectional,cross_sectional_relative_strength,14D,4H,spearman,validation,83,5.435274934323253e-05,0.24581225151861671,0.9983927005124553,False
realistic,cross_sectional,cross_sectional_relative_strength,14D,12H,spearman,validation,83,-0.029133073647975363,0.23860476971799005,0.2659824396860302,False
realistic,cross_sectional,cross_sectional_relative_strength,14D,1D,spearman,validation,83,-0.02275870398888788,0.2620971856922976,0.42889325878679596,False
realistic,cross_sectional,cross_sectional_relative_strength,14D,3D,spearman,validation,83,-0.08025787359966179,0.25895912255427134,0.004749501933746825,False
realistic,cross_sectional,cross_sectional_relative_strength,14D,7D,spearman,validation,83,-0.08637255790077603,0.2521983226654094,0.0018077148600912927,False
realistic,cross_sectional,cross_sectional_relative_strength,14D,14D,spearman,validation,83,0.014524262463387382,0.23246246945833424,0.5692067281787383,False
realistic,cross_sectional,cross_sectional_relative_strength,14D,30D,spearman,validation,83,-0.02098620044086119,0.23858703952064264,0.4229250230555347,False
realistic,cross_sectional,cross_sectional_relative_strength,30D,1H,spearman,design,113,0.018303012867932456,0.23372850529960668,0.40516367697571365,False
realistic,cross_sectional,cross_sectional_relative_strength,30D,4H,spearman,design,113,0.006361361498488546,0.2660620931255668,0.7993723617251691,False
realistic,cross_sectional,cross_sectional_relative_strength,30D,12H,spearman,design,113,-0.005664538754486427,0.2387829814783112,0.8009065305634255,False
realistic,cross_sectional,cross_sectional_relative_strength,30D,1D,spearman,design,113,-0.010665132378056021,0.23771675683152121,0.6334189799384562,False
realistic,cross_sectional,cross_sectional_relative_strength,30D,3D,spearman,design,113,-0.030844908992940446,0.24594056357745536,0.18246895295631937,False
realistic,cross_sectional,cross_sectional_relative_strength,30D,7D,spearman,design,113,-0.028503748961158752,0.19801329358247688,0.12596839879168586,False
realistic,cross_sectional,cross_sectional_relative_strength,30D,14D,spearman,design,113,-0.03519137510616729,0.2064727536392404,0.07001552277920735,False
realistic,cross_sectional,cross_sectional_relative_strength,30D,30D,spearman,design,113,-0.027979762002611944,0.23712900438853007,0.20973598761083112,False
realistic,cross_sectional,cross_sectional_relative_strength,30D,1H,spearman,validation,83,-0.024591599480629278,0.2292463984720259,0.3284257731187151,False
realistic,cross_sectional,cross_sectional_relative_strength,30D,4H,spearman,validation,83,-0.011552978832623729,0.2201961884576757,0.6326538633510269,False
realistic,cross_sectional,cross_sectional_relative_strength,30D,12H,spearman,validation,83,-0.00847902889754507,0.22197015174921922,0.7278333600211214,False
realistic,cross_sectional,cross_sectional_relative_strength,30D,1D,spearman,validation,83,0.006721623335447051,0.24438273242054062,0.8021404982323745,False
realistic,cross_sectional,cross_sectional_relative_strength,30D,3D,spearman,validation,83,0.011779448621553886,0.233794063257056,0.6462206229581549,False
realistic,cross_sectional,cross_sectional_relative_strength,30D,7D,spearman,validation,83,-0.016290726817042613,0.23569547440333405,0.5288960345270068,False
realistic,cross_sectional,cross_sectional_relative_strength,30D,14D,spearman,validation,83,-0.004429749071473867,0.21572029413716007,0.8515979741993385,False
realistic,cross_sectional,cross_sectional_relative_strength,30D,30D,spearman,validation,83,-0.09538605550019627,0.20364888259381095,1.9795122384672305e-05,True
